회사명,거래소코드,유동자산(*)(IFRS연결)(천원),유동부채(*)(IFRS연결)(천원),자산(*)(IFRS연결)(천원),기말이익잉여금(결손금)(*)(IFRS연결)(천원),당기순이익(손실)(IFRS연결)(천원),법인세비용(IFRS연결)(천원),매출액(수익)(*)(IFRS연결)(천원),부채(*)(IFRS연결)(천원),총자본증가율(IFRS연결),유형자산증가율(IFRS연결),비유동자산증가율(IFRS연결),유동자산증가율(IFRS연결),재고자산증가율(IFRS연결),자기자본증가율(IFRS연결),매출액증가율(IFRS연결),매출액총이익률(IFRS연결),매출액정상영업이익률(IFRS연결),매출액순이익률(IFRS연결),총자본사업이익률(IFRS연결),총자본정상영업이익률(IFRS연결),총자본순이익률(IFRS연결),자기자본정상영업이익률(IFRS연결),자기자본순이익률(IFRS연결),경영자본정상영업이익률(IFRS연결),경영자본순이익률(IFRS연결),자본금정상영업이익률(IFRS연결),자본금순이익률(IFRS연결),매출원가 대 매출액비율(IFRS연결),영업비용 대 영업수익비율(IFRS연결),기타손익비률(IFRS연결),금융손익비율(IFRS연결),금융비용부담률(IFRS연결),기업순이익률(IFRS연결),수지비율(관계기업투자손익 제외)(IFRS연결),인건비 대 총비용비율(IFRS연결),금융비용 대 총비용비율(IFRS연결),감가상각비 대 총비용비율(IFRS연결),감가상각률(IFRS연결),누적감가상각률(IFRS연결),이자부담률(IFRS연결),지급이자율(IFRS연결),차입금평균이자율(IFRS연결),유보율(IFRS연결),1주당매출액(IFRS연결)(원),1주당순이익(IFRS연결)(원),1주당 CASH FLOW(IFRS연결)(원),1주당정상영업이익(IFRS연결)(원),유동자산구성비율(IFRS연결),재고자산 대 유동자산비율(IFRS연결),유동자산 대 비유동자산비율(IFRS연결),당좌자산구성비율(IFRS연결),비유동자산구성비율(IFRS연결),자기자본구성비율(IFRS연결),타인자본구성비율(IFRS연결),자기자본배율(IFRS연결),비유동비율(IFRS연결),비유동장기적합률(IFRS연결),유동비율(IFRS연결),당좌비율(IFRS연결),현금비율(IFRS연결),매출채권비율(IFRS연결),매출채권 대 매입채무비율(IFRS연결),"매출채권 대 상,제품비율(IFRS연결)",매입채무 대 재고자산비율(IFRS연결),부채비율(IFRS연결),유동부채비율(IFRS연결),단기차입금 대 총차입금비율(IFRS연결),비유동부채비율(IFRS연결),순운전자본비율(IFRS연결),차입금의존도(IFRS연결),차입금비율(IFRS연결),이자보상배율(이자비용)(IFRS연결),유보액대비율(IFRS연결),유보액 대 납입자본배율(IFRS연결),유동자산집중도(IFRS연결),비유동자산집중도(IFRS연결),투자집중도(IFRS연결),CASH FLOW 대 부채비율(IFRS연결),CASH FLOW 대 차입금비율(IFRS연결),CASH FLOW 대 총자본비율(IFRS연결),CASH FLOW 대 매출액비율(IFRS연결),정상영업이익대비이자보상배율(IFRS연결),총자본회전률(IFRS연결),경영자본회전률(IFRS연결),자기자본회전률(IFRS연결),자본금회전률(IFRS연결),타인자본회전률(IFRS연결),매입채무회전률(IFRS연결),매입채무회전기간(IFRS연결),유동자산회전률(IFRS연결),당좌자산회전률(IFRS연결),재고자산회전률(IFRS연결),재고자산회전기간(IFRS연결),"상품,제품회전률(IFRS연결)","원,부재료회전률(IFRS연결)",재공품회전률(IFRS연결),매출채권회전률(IFRS연결),매출채권회전기간(IFRS연결),비유동자산회전률(IFRS연결),유형자산회전율(IFRS연결),순운전자본회전률(IFRS연결),운전자본회전률(IFRS연결),1회전기간(IFRS연결),부가가치(IFRS연결)(백만원),총자본투자효율(IFRS연결),설비투자효율(IFRS연결),기계투자효율(IFRS연결),부가가치율(IFRS연결),법인세비용차감전(계속사업)손익(IFRS연결)(백만원),인건비(IFRS연결)(백만원),금융비용(IFRS연결)(백만원),감가상각비(IFRS연결)(백만원),기계투자효율(IFRS연결)_4,부가가치율(IFRS연결)_5,PBR(최고)(IFRS),PSR(최고)(IFRS),기업가치(EV)(IFRS)(백만원),EBITDA(IFRS)(백만원),감사의견코드,라벨
(주)국보,1140,25490794,61030843,75396030,-70357303,-27194992,0,40641438,65584592,-17.53,-6.89,-28.18,16.2,0.35,-67.06,-14.23,-1.08,-19.08,-66.91,-7.69,-9.3,-32.6,-39.58,-137.36,-15.98,-56.06,-21.88,-76.74,101.08,119.08,-47.84,-15.24,14.15,-25.71,107.94,11.42,11.78,8.82,33.97,102.43,9.01,15.63,16.44,24.04,315.9,-1366,-2.86,-60.27,33.81,16.84,51.08,28.12,66.19,13.01,86.99,123.75,508.64,347.4,41.77,34.74,0.04,86.5,64.53,91.71,134.04,668.45,622.04,94.79,46.41,-47.14,60.21,462.66,-1.09,2.53,0.24,58.35,146.88,116.57,-4.62,-6.68,-4.02,-7.46,-1.35,0.49,0.84,2.07,1.15,0.64,6.15,59.33,1.71,2.09,9.49,38.47,10.04,0,0,9.36,38.99,0.68,7,0.5,0.08,0.06,-11537.54,-15.3,-206.12,-115375398.4,-28.39,-27194.99,5578.54,5752.33,4309.48,-115375398.4,-28.39,96.59,14.1,75600.74,-3317.3,DU,1
(주)시스웍,269620,13378962,38404361,22499351,-100336470,-9370898,0,12863194,39592894,-22.54,13.88,-18.85,-24.87,-26.24,0,-11.27,8.82,-14.31,-72.85,-6.88,-7.14,-36.36,0,0,-9.99,-50.85,-12.39,-63.07,91.18,114.31,-6.54,1.39,0.17,-36.27,119.62,11.68,0.13,3.14,18.24,79.59,0.06,0.33,0.35,-209.37,86.57,-63,8.06,-12.39,59.46,34.72,146.69,38.82,40.54,0,175.97,-115.04,0,0,34.84,22.74,9.2,63.16,139.96,146.81,45.13,0,0,95.61,0,-111.23,120.46,0,-20.41,0,0,121.23,79.14,122.45,-1.47,-2.14,-2.58,-4.52,-84.17,0.5,0.7,0,0.87,0.34,6.51,56.07,0.82,1.27,2.35,155.25,4.79,9.57,8.92,3.52,103.71,1.26,5.99,0.25,0,0,-242.59,-1.08,-12.61,-321.93,-1.89,-2681.34,1909.33,21.87,513.51,-321.93,-1.89,0,0,154531,521.08,DU,1
(주)코다코,46070,98025987,252006432,359831100,-91970943,50366407,157838,251427529,346826114,-16.89,-8.91,-7.18,-35.04,-38.71,0,-15.09,-2.23,-14.76,20.03,-9.36,-9.36,12.71,0,0,-9.9,13.44,-260.45,365.98,102.23,114.76,34.86,-4.67,4.67,15.67,87.15,10.2,3.43,8.14,12.66,132.23,2.93,6.34,5.14,110.92,9677.98,5800,-364.25,-1428.72,27.24,49.22,37.44,13.83,72.76,3.61,96.39,209.71,2013.11,242.81,38.9,19.75,1.74,59.13,185.9,115.91,31.81,2666.87,1937.77,80.06,729.1,-42.79,51.55,1426.33,-3.16,1.66,0.84,49.5,108.15,134.64,0.37,0.68,0.35,0.5,-3.16,0.63,0.67,0,17.64,0.63,9.33,39.1,2.02,4.12,3.96,92.16,8.58,54.16,16.95,7.28,50.16,0.92,1.02,0.55,0.5,0.01,125694.86,34.93,53.94,147.25,49.99,50524.24,34951.38,11742.99,27899.96,147.25,49.99,0.28,0.07,227725.83,8248.53,DS,1
(주)아이에이치큐,3560,57473875,40189333,140860366,-22818571,-24115621,-2947929,32431991,41043210,-7.12,-2.69,-38.6,262.83,0,-10.62,-10.66,100,-22.09,-74.36,-3.29,-4.9,-16.49,-6.87,-23.95,-9.77,-32.89,-249.52,-811.29,0,122.09,-61.36,0.11,-1.25,-16.77,98.11,26.93,-1.08,31.53,43.08,46.91,-0.96,12.44,10.76,3204.89,1997.8,-4203,-285.73,-441.32,40.8,0,68.92,40.8,59.2,70.86,29.14,3054.99,83.54,82.83,143.01,143,0.9,182101.24,418.27,0,43536.33,41.12,40.26,94.96,0.86,12.27,11.07,15.63,-3.69,74.06,34.72,113.03,337.94,283.97,7.36,19.37,2.15,9.32,0,0.22,0.44,0.31,11.3,0.77,20.76,17.58,0.88,0.88,23586.9,0.02,0,0,0,6.41,56.93,0.3,1.14,0.45,0,0.03,-5669.99,-4.03,-21.89,-3754.51,-17.48,-27063.55,10123.55,-405.41,11853.83,-3754.51,-17.48,0,0,78489.7,6492.57,DS,1
(주)아이엠,101390,27087582,54860352,75717222,-46591361,-24949621,5724812,126074202,61266053,12.76,44.72,59.57,-26.14,-33.52,-36.73,1.42,10.11,-2.29,-19.79,-3.52,-4.05,-34.93,-15.37,-133.8,-4.9,-42.29,-52.51,-452.88,89.89,102.29,-12.66,-2.82,3.52,-28.71,107.24,15.33,2.93,4.46,23.18,111.33,8.45,25.9,31.04,169.25,12520.48,-2484,636.85,-287.28,35.77,14.33,55.7,30.65,64.23,19.09,80.91,222.64,336.51,233.16,49.38,42.3,9.92,314.78,46.77,1143.8,672.99,423.95,379.63,97.25,44.33,-36.68,24.6,128.89,-0.6,14.51,1.69,25.29,31.37,45.82,7.79,25.62,6.3,3.79,-0.65,1.76,2.14,6.7,22.89,2.4,5.79,63.09,3.95,4.67,25.95,14.07,61.67,48.95,3858.78,11.94,30.57,3.19,4.81,1.58,0.03,0,16622.24,21.95,67.1,126.43,13.18,-18853.46,23275.75,4444.02,6765.15,126.43,13.18,8.04,2.57,37388.25,-3849.3,DU,1
(주)알에프세미,96610,14942080,8313936,22795375,-42205518,-2833354,76776,24396935,10765547,-25.55,-43.76,-45.09,-8.43,-12.16,-18.49,-9.88,6.48,-10.66,-11.61,-9.73,-9.74,-10.61,-19.54,-21.35,-9.88,-10.76,-29.91,-32.59,93.52,110.66,-0.64,-0.43,2.6,-8.23,110.39,25.31,2.17,5.25,16.13,745.5,4.74,13.89,9.55,37.08,1403.22,-163,51.46,-149.55,65.55,61.76,190.27,25.06,34.45,52.77,47.23,137.08,65.28,54.23,179.72,68.72,22.42,36.38,552.46,117.08,6.59,89.49,69.11,98.26,20.38,29.08,20.09,38.07,-4.09,14.64,0.38,64.06,45.41,92.38,-3.47,-8.15,-1.64,-1.53,-4.09,0.91,0.93,1.83,2.81,1.82,32.85,11.11,1.56,4.23,2.47,147.62,8.97,12.84,4.65,7.71,47.34,2.2,2.3,0.94,0,0.01,6850.08,30.05,92.56,281.34,28.08,-2756.58,7414.96,635.08,1537.06,281.34,28.08,7.12,3.31,54663.12,-2196.78,DU,1
(주)에이디칩스,54630,75741704,63849181,75763719,-49229944,-10109297,0,6422889,65984915,-7.21,-100,-96.48,-6.52,-67.18,-50.91,-60.24,-6.58,-140.35,-157.39,-11.19,-11.45,-12.84,-60.71,-68.08,-121.14,-135.85,-41.12,-46.12,106.58,240.35,-17.05,-69.74,69.74,-7.15,190.06,13.78,21,0.88,22.13,0,7.01,9.61,9.8,145.65,80.58,-1268,-35.39,-113.09,99.97,2.35,344045.89,97.62,0.03,12.91,87.09,245.36,0.23,0.18,118.63,115.84,0.07,17.58,19.85,21.4,88.57,674.77,652.93,95.88,21.84,15.7,64.36,498.65,-1.92,7.66,1.46,1220.4,5.05,53.37,-12.75,-17.25,-11.1,-130.97,-2.01,0.08,0.86,0.43,0.29,0.1,3.13,116.48,0.08,0.09,1.78,204.52,2.79,5.37,61.25,2.64,138.03,19.82,35.43,0.05,1,0,-2501.23,-3.3,0,0,-38.94,-10109.3,2940.81,4479.53,187.73,0,-38.94,2.8,4.27,61309.62,-8815.73,DU,1
삼부토건(주),1470,209360558,269202734,300331502,-332321984,-127766952,1570,462425746,292664231,-41.54,-78.79,-8.19,-49.51,-83.49,-89.4,-19.57,-9.9,-24.35,-27.63,-27.19,-27.66,-31.39,-205.07,-219.19,-32.69,-37.1,-51.89,-58.86,109.9,124.35,-3.28,-2.6,2.48,-28.57,127.13,10.88,1.92,0.32,27.93,0,3.26,19.3,9.78,-95.05,2203.46,-592,444.06,-536.43,69.71,13.53,230.14,60.28,30.29,2.55,97.45,4.86,1186.48,292.24,77.77,67.25,6.32,249.34,72.35,0,344.66,3817.06,3511.06,98.07,306,-19.93,23.09,904.56,-8.41,-73.85,-0.97,67.47,20.55,51.5,-2.37,-10,-2.31,-1.5,-9.81,1.14,1.34,8.42,2.13,1.31,4.65,78.43,1.48,2.18,4.63,78.91,67.92,5.43,62.43,6.27,58.17,4.87,42.75,0.74,0.17,0.02,-39368.68,-13.11,-1040.16,-2069857.25,-8.51,-127765.38,65131.48,11478.05,1913.15,-2069857.25,-8.51,44.78,1.36,272310.6,-93120.32,DU,1
범양건영(주),2410,85310734,152013806,187184487,-46065360,-46345997,846605,101357085,168333689,-2.97,-18.77,-10.22,7.39,-5.22,-69.79,-16.07,-25.89,-37.72,-45.73,-19.64,-20.12,-24.39,-94.42,-114.79,-27.01,-32.75,-146.17,-177.19,125.89,137.72,-7.17,-4.62,2.8,-22.9,143.33,10.06,1.88,1.16,9.18,42.82,1.89,4.02,4.49,-31.83,4081.72,-1829,-669.68,-1539.64,45.58,34.35,83.74,29.92,54.42,10.07,89.93,68.17,540.42,289.66,56.12,36.84,0.02,69.47,95.38,0,72.84,892.98,806.41,98.66,86.57,-35.63,49.78,494.26,-10.22,-4.61,-0.31,81.27,106.23,129.99,-6.75,-12.19,-6.07,-11.21,-13.49,0.53,0.72,2.5,3.88,0.68,4.74,76.98,1.23,1.94,3.37,108.43,71.06,3.53,0,8.73,41.83,0.94,1.65,0.47,0.14,0.01,-24354.04,-13.01,-44.12,-33524.73,-24.03,-45499.39,15133.88,2833.71,1746.77,-33524.73,-24.03,5.1,1.14,97409.82,-36878.92,DU,1
(주)이엔플러스,74610,23544538,86406847,100287243,-260270294,-80724058,0,58314143,92824683,-41.75,-6.26,-25.62,-65.87,-43.83,-87.45,29.91,4.37,-38.39,-138.43,-16.29,-16.43,-59.26,-51.57,-175.33,-23.72,-85.54,-62.52,-216.35,95.63,138.39,-100.04,-13.29,15.44,-52.65,206.78,10.71,6,3.51,14.39,120.68,9.7,15.15,16.72,-73.14,801.39,-1075,-78.91,-307.62,23.48,34.56,30.68,15.36,76.52,7.44,92.56,26.86,1028.37,552.89,27.25,17.83,2.18,91.1,89.58,816.89,101.69,1243.87,1157.87,93.15,86,-62.68,60.51,813.2,-2.43,-29.14,-0.8,79.33,154.27,136.12,-6.44,-9.84,-5.96,-10.24,-2.49,0.43,0.62,1.34,1.63,0.63,6.09,59.93,1.26,1.67,5.15,70.81,41.84,10.48,13.39,7.05,51.74,0.65,1.04,0.44,0.17,0.02,-50397.36,-50.25,-93.43,-1118.28,-86.42,-80724.06,16068.86,9004.31,5263.61,-1118.28,-86.42,13.72,14.23,102605.36,-13122.51,DU,1
(주)한창,5110,53823309,84315594,70208203,-93346479,-18484223,150925,3089124,85913739,-22.26,-35.98,-41.84,-13.38,69.05,-250.68,-95.34,5.28,-305.71,-598.36,-10.27,-11.77,-23.03,0,0,-19.56,-38.28,-101.51,-174.88,94.72,405.71,-296.14,-0.45,-17.47,-23.7,393.24,9.63,-2.16,3.65,23.61,0,-0.62,2.39,2.33,-207.87,166.02,-882,-942.09,-507.55,76.66,24.45,328.49,57.92,23.34,0,122.37,-109.85,0,0,63.84,48.23,0.62,3.39,197.61,0,1.71,0,0,97.55,0,-43.43,39.33,0,-14.32,0,0,1876.92,721.21,1062.82,-12.67,-39.43,-15.51,-352.41,0,0.04,0.06,0,0.33,0.04,1.36,267.52,0.05,0.07,0.3,1237.14,2,1.36,13.17,0.48,761.2,0.14,1.07,0.02,0,0,-15842.32,-22.56,-705.72,-36850.32,-512.84,-18591.68,2400.85,-539.73,911.13,-36850.32,-512.84,0,153.1,55081.93,-5982.77,DU,1
(주)프로브잇,227100,33491797,44110001,48933783,-101277847,-32197044,5636147,66930267,44369581,-63.81,375.06,-73.44,-56.54,-81.98,-68.56,-63.29,4.03,-51.55,-48.11,-37.13,-37.48,-34.97,-361.68,-337.48,-54.8,-51.13,-326.39,-304.55,95.97,151.55,11.87,-3.01,4.9,-31.41,119.57,3.2,2.09,0.59,30.86,41.64,3.97,20.26,12.71,-68.12,3631.3,-1599,-706.38,-1872.11,68.44,5.11,216.89,64.95,31.56,9.33,90.67,31.88,338.33,320.12,75.93,72.05,0.02,1146.12,188.44,1146.12,608.22,972.12,966.43,98.54,5.69,-21.7,36.29,389.05,-9.59,-19.93,-0.68,82.59,54.97,42.62,-39.47,-98.61,-35.78,-26.16,-10.52,0.73,1.06,7.02,6.33,0.81,11.89,30.7,1.21,1.35,11.95,30.56,11.95,0,0,2.55,143.18,1.82,19.09,0.5,0.33,0.01,-17264.76,-35.28,-3614.92,-4245.44,-25.8,-26560.9,5029.81,3278.65,922.84,-4245.44,-25.8,24.84,3.25,32188.06,-7221.77,DU,1
(주)제일엠앤에스,412540,275279831,327069470,323358430,-145821502,-121503850,890133,247486444,342334703,46.05,-3.77,5.23,56.67,101.28,-138.2,72.86,-12.94,-52.37,-49.1,-47.41,-47.59,-44.61,0,-791.4,-48.94,-45.87,-1337.77,-1254.04,112.94,152.37,3.64,-0.68,0.68,-43.99,145.67,6.53,0.44,0.61,10.98,19.75,0.65,4,4.57,-284.23,6829.51,-6409,-1753.89,-3576.82,85.13,71.6,572.56,24.18,14.87,0,105.87,-184.23,0,0,84.17,23.91,6.47,15.34,55.88,119.18,27.44,0,0,80.95,0,-16.02,16.61,0,-60.36,0,0,91.11,18.94,127.02,-10.61,-67.6,-11.23,-14.68,-77.33,0.91,0.93,0,25.54,0.96,4.53,80.62,1.1,3.17,1.68,217.54,19.52,17.71,2.05,9.06,40.29,5.28,6.73,0.53,0.17,0.01,-89319.45,-27.62,-247.71,-6946.49,-36.09,-120613.72,25125.85,1676.21,2365.02,-6946.49,-36.09,0,6.56,176527.83,-127515.38,DS,1
(주)스튜디오산타클로스엔터테인먼트,204630,26592179,43877209,87169549,-101327757,-10634676,456388,7126652,44426428,1.69,30.77,23.54,-27.51,5.98,-15.98,24.97,18.34,-98.27,-149.22,-7.49,-8.1,-12.3,-14.96,-22.72,-14.1,-21.42,-21.89,-33.24,81.66,198.27,-44.55,16.07,6.22,-11.79,93.42,20.25,3.35,9.77,14.31,15.34,1.12,2.91,3.07,1585.99,58,-2423,-28.8,-57,30.51,81.18,43.9,5.74,69.49,49.03,50.97,1679.51,141.72,139.93,60.61,11.41,1.78,8.52,0,0,0,103.94,102.65,99.56,1.28,-19.83,38.29,78.09,-7.22,46.3,15.86,443.95,769.02,679.27,-17.66,-23.51,-9,-110.09,-15.8,0.08,0.14,0.15,0.22,0.18,0,0,0.23,0.67,0.34,1074.4,0,0.41,1.92,6.13,59.59,0.13,0.63,0.1,0.17,0,-6423.6,-7.37,-60.93,-141333.42,-90.13,-10178.29,2674.88,443.16,1290.74,-141333.42,-90.13,1.83,7.64,38925.41,-3509.38,QS,1
(주)셀레스트라,352770,6609471,44433489,53557667,-104331550,-47055130,-33597,8501826,48079577,-28.09,35.48,-16.59,-63.68,-99.99,-85.89,-25.47,-13.9,-337.69,-553.47,-44.41,-44.84,-73.5,-129.1,-212.9,-54.86,-89.91,-810.3,-1324.41,113.9,437.69,-216.18,-2.22,43.12,-67.77,317.45,11.36,5.55,5.2,21.75,163.83,8.77,12.26,14.05,63.42,233.94,-1254,-309.89,-790,12.34,0,14.08,12.34,87.66,10.23,89.77,140.15,857.02,514.55,14.87,14.87,3.61,168028.89,79.01,168028.89,212654.67,877.67,811.11,91.69,66.56,-70.62,60.08,587.41,-7.28,4.66,0.64,145.9,607.12,498.07,-22.83,-34.12,-20.5,-129.13,-7.83,0.13,0.16,0.38,2.4,0.2,17.2,21.22,0.69,0.76,7.13,51.22,69.52,8.66,1503.15,11.46,31.85,0.16,0.28,0.18,1,0.02,-32138.08,-60.01,-90.54,-12490.41,-378.01,-47088.73,7501.79,3666,3430.82,-12490.41,-378.01,7.49,42.94,46448.7,-9165.25,DU,1
(주)코스나인,82660,10173921,15861669,39024201,-82291358,-19463046,9352,9745771,16944358,-25.11,-1.13,0.92,-56.75,-3.82,-36.31,1.43,-11.86,-85.01,-199.71,-17.31,-18.18,-42.71,-29.2,-68.6,-18.94,-44.49,-17.79,-41.8,111.86,185.01,-114.6,-21.79,30.43,-36.21,222.43,15.92,8.39,1.6,4.08,50.8,17.25,41.74,37.66,-55.68,109.97,-209,-136.74,-93.49,26.07,15.42,35.26,22.05,73.93,56.58,43.42,44.32,130.66,124.56,64.14,54.25,4.51,2.49,3.27,4.09,76.19,76.74,71.84,95.18,4.9,-14.57,20.65,36.49,-2.46,-71.08,-0.56,172.88,294.68,380.21,-58.86,-123.77,-25.56,-102.33,-2.79,0.21,0.22,0.34,0.21,0.57,10.17,35.9,0.58,0.64,6.09,59.91,11.69,16.75,52.88,8.69,42.01,0.34,0.37,0.29,0.2,0.02,-10270.21,-26.32,-39.25,-3457.08,-105.38,-19453.69,5626.79,2965.64,565.02,-3457.08,-105.38,2.5,5.73,55389.29,-7523.34,DU,1
이오플로우(주),294090,9178380,32766623,57592869,-33228940,-64725973,0,5030925,52135667,-28.62,-12.34,-12.55,-63.75,-30.76,-98.95,-23.65,-49.32,-1212.69,-1286.56,-87.11,-88.24,-93.62,-189.67,-236.79,-109.4,-116.06,-2005.17,-2058.04,149.32,1312.69,-73.87,-42.07,79.42,-87.84,737.8,9.78,5.61,10.3,18.34,33.43,10.81,13.98,19.54,-81.91,165.34,-2058,-1369.94,-2005.09,15.94,26.33,18.96,11.74,84.06,9.48,90.52,18.09,887.17,195.01,28.01,20.64,10.34,11.33,411.61,38.44,2.75,955.36,600.43,52.03,354.93,-40.96,59.35,626.33,-12.77,4.19,0.79,342.89,1031.41,900.1,-63.44,-96.77,-57.43,-657.48,-15.27,0.07,0.09,0.16,1.65,0.14,31.44,11.61,0.29,0.35,1.7,214.3,5.98,2.9,13.22,10.56,34.56,0.1,0.18,0.13,0,0,-47734.29,-82.88,-182.11,-342.39,-948.82,-64725.97,6963.01,3995.75,7334.81,-342.39,-948.82,113.77,105.53,134640.08,-48024.81,DU,1
한국유니온제약(주),80720,40197972,63949417,74900211,-34932701,-20872131,1944373,51279935,66650855,-20.68,-17.16,-22.44,-19.09,62.82,-72.8,-18.82,27.75,-26.23,-40.7,-15.77,-15.89,-24.65,-69.74,-108.22,-18.34,-28.46,-340.03,-527.66,72.25,126.23,-10.68,-0.98,7.45,-20.14,132.11,14.5,4.91,3.69,11.57,0,5.85,16.34,12.38,293.23,6480.61,-2888,52.47,-1699.8,53.67,32.04,115.84,36.47,46.33,11.01,88.99,208.51,420.67,316.89,62.86,42.72,6.76,158.66,599.78,246.68,26.45,807.95,775.2,99.04,32.75,-31.71,32.03,290.84,-3.43,15.49,2.93,87.64,77.46,130.06,1.33,3.7,1.19,1.73,-3.52,0.61,0.7,2.66,12.96,0.78,16.3,22.39,1.14,1.48,4.93,73.99,8.48,19.29,34.25,1.9,192.02,1.29,1.62,0.48,0,0,-461.31,-0.62,-1.79,-63.57,-0.9,-18927.76,11295.92,3822.75,2877.18,-63.57,-0.9,6.68,1,41232.52,-10212.96,DU,1
(주)드래곤플라이,30350,5368671,9507027,23277392,-58156842,-14199507,-87319,25626857,10029808,-38.13,-27.76,-35.24,-46.15,316.69,-53.77,54.21,100,-37.65,-55.41,-31.38,-31.69,-46.63,-46.38,-67.07,-54.85,-80.72,-46.36,-67.51,0,137.65,-18.09,-6.76,0.82,-45.94,149.21,14.28,0.49,7.22,43.48,73.29,2.19,5.22,7.14,91.02,369.32,-1013,-99.66,-139.07,23.06,17.91,29.98,18.93,76.94,56.91,43.09,190.92,135.18,130.05,56.47,46.36,7.94,252.29,355.5,2122.12,70.97,75.71,71.76,98.34,3.95,-17.78,25.21,44.3,-31.49,27.13,0.91,29.93,88.89,53.79,-84.82,-144.95,-36.55,-33.2,-45.74,0.84,1.46,1.23,1.23,2.66,67.7,5.39,3.34,3.62,42.99,8.49,231.2,53.27,6142.58,6.98,52.27,1.12,5.66,1.54,0,0.02,-4554.25,-19.57,-119.87,-635.49,-17.77,-14286.83,6187.94,210.98,3128.7,-635.49,-17.77,7.59,6,21947.55,-5607.25,DU,1
(주)금양,1570,104787666,707560253,1256933888,-198448519,-186089906,-1654624,153730069,762397544,78.68,211.6,98.25,-14.33,27.93,150.43,1.12,11.65,-36.43,-121.05,-5.69,-5.71,-18.98,-15.11,-40.88,-11.55,-38.37,-183.59,-459.31,88.35,136.43,-85.7,-14,12.03,-17.1,143.38,11.81,5.96,7.75,11.32,23.3,3.03,5.96,5.74,1431.85,2648.23,-2414,-350.47,-964.72,8.34,25.42,9.09,6.22,91.66,39.34,60.66,1531.79,232.98,209.72,14.81,11.05,2.82,104.27,132.6,162.32,78.63,154.16,143.08,86.45,11.09,-47.96,25.02,63.6,-2.99,36.8,14.46,73.87,563.75,322.64,-0.36,-0.86,-0.22,-1.76,-3.03,0.16,0.32,0.41,5.04,0.25,8.21,44.46,1.35,1.71,6.48,56.33,12.69,14.02,0,6.23,58.6,0.18,0.22,0.23,0.25,0.01,-108569.35,-8.64,-31.64,-176.1,-70.62,-187744.53,36642.96,18494.21,24038.01,-176.1,-70.62,17.08,57.87,1655483.23,-32211.96,DU,1
(주)세토피아,222810,10797471,25546627,35563578,-134420675,-26894276,-1504747,55155664,32852771,-50.94,-16.94,-28.51,-71.47,-58.17,-91.8,-47.33,2.96,-16.12,-48.76,-13.95,-16.46,-49.78,-49.73,-150.39,-18.89,-57.12,-23.51,-71.09,97.04,116.12,-35.92,1.11,2.59,-47.13,146.76,4.61,1.59,2.37,25.18,41.69,3.96,11.96,11.85,-86.58,729,-358,43.25,-117.54,30.36,30.42,43.6,21.13,69.64,7.62,92.38,7.17,913.61,247.24,42.27,29.41,0.84,114.52,155.5,245.98,73.64,1211.92,942.4,82.34,269.52,-41.47,65.57,860.16,-3.19,-92.09,-0.87,44.1,53.85,57.49,-22.04,-31.05,-20.36,-13.13,-6.22,1.02,1.17,3.08,1.46,1.53,12.3,29.68,2.27,2.94,9.91,36.85,30.26,18.36,325.01,6.19,58.95,1.86,2.26,1.03,0.25,0.02,-20644.95,-58.05,-112.68,-647.51,-37.43,-28704.95,4156.17,1430.29,2133.7,-647.51,-37.43,161.05,4.36,103662.52,-4970.93,DU,1
(주)디에이테크놀로지,196490,35774873,65435698,58471902,-117531498,-63786527,-673576,43289272,65501154,-61.05,-4.6,-45.81,-66.95,-62.52,-113.75,-51.65,-24.19,-52.13,-147.35,-21.44,-21.63,-61.16,0,-289.35,-23.64,-66.82,-25.94,-73.33,124.19,152.13,-96.78,-33.21,5.82,-58.74,240.55,9.26,2.32,1.53,16.57,45.02,3.06,58.81,16.1,-107.67,1006.22,-362,206.92,-524.49,61.18,37.97,157.62,37.95,38.82,0,112.02,-7.87,0,0,54.67,33.91,5.72,83.53,51.77,0,161.35,0,0,100,0,-50.73,7.93,0,-8.27,0,0,166.34,74.6,127.98,-23.45,-331.13,-26.27,-35.48,-8.95,0.42,0.45,0,0.5,0.53,1.58,230.5,0.6,0.92,1.74,210.04,0,52.63,1.8,4.07,89.65,1.34,2.47,0.28,0.25,0.01,-51003.63,-87.23,-298.18,-19660.11,-117.82,-64460.1,10071.07,2520.42,1661.49,-19660.11,-117.82,0,3.82,37278.81,-19984.17,DU,1
테라사이언스(주),73640,24020014,8269672,78502701,-28080455,-10015245,27875,17272994,10926568,-16.89,-2.7,-2.24,-37.97,-3.02,-10.27,-25.15,15.09,-54.86,-57.98,-10.34,-10.96,-11.58,-13.24,-13.84,-15.08,-15.94,-93.83,-96.99,84.91,154.86,-2.97,-0.32,0.51,-11.48,134.04,20.3,0.31,4.87,11.08,67.31,0.59,16.1,10.07,621.67,179.95,-107,-32.36,-98.71,30.6,24.07,44.09,23.23,69.4,86.08,13.92,629.13,80.62,77.57,290.46,220.53,34.82,31.18,167.92,54.22,18.57,16.17,12.24,90.67,3.93,20.06,4.94,5.74,-15.17,85.07,6.28,181.62,319.04,275.74,-35.04,-98.71,-4.88,-22.17,-107.21,0.2,0.27,0.24,1.71,1.16,15.54,23.49,0.55,0.68,2.94,124.1,5.05,9.58,28.75,5.55,65.75,0.31,0.73,0.4,0,0.01,-2689.69,-3.43,-11.71,-74.59,-15.57,-9987.37,5810.68,88.38,1394.75,-74.59,-15.57,2.4,9.56,64187.22,-7725.19,DS,1
케이씨그린홀딩스(주),9440,84779505,81623441,289342395,86445012,-4984550,3053846,421050049,116324161,-68.43,-51.47,-31.22,-86.31,-68.98,12.7,-39.72,-1.18,-15.48,-1.18,-10.35,-10.81,-0.83,-33.58,23.91,-14.64,-1.12,-574.92,320.98,101.18,115.48,18.09,-14.13,2.23,0.73,98.2,11.53,1.56,2.45,16.63,144.08,2.29,20.44,6.89,1320.25,18767.57,1642,-1138.15,-2904.89,29.3,14.3,41.44,25.11,70.7,59.8,40.2,1407.81,118.23,98.48,103.87,89.01,24.5,194.25,175.17,342.44,110.89,67.23,47.18,59.03,20.06,1.09,20.56,34.39,-5.36,56.33,14.23,83.59,59.61,40.23,-49.54,-96.85,-19.92,-13.69,-6.95,0.7,0.95,2.17,37.14,1.03,6.12,59.66,1.2,1.29,16.44,22.2,71.8,32.29,158.66,4.75,76.88,1.68,3.44,0.65,0.07,0.03,108818.45,37.61,139.08,493.14,25.84,11015.02,69273.49,9383.01,14702.19,493.14,25.84,0.64,9.91,30274.9,-6168.37,DS,1
케이씨코트렐(주),119650,221166307,160466523,294063763,-106235523,-30758474,2185810,341075219,208784501,-29.04,531.1,44.04,-39.21,-14.86,107.09,-21.88,-8.54,-20.41,-9.02,-19.09,-19.65,-8.68,-109.86,-49.32,-21.47,-9.49,-241.81,-107.36,108.54,120.41,12.46,16.82,2.05,-6.71,104.94,2.29,1.49,0.32,38.37,0,2.4,24.33,9.52,163.21,5583.33,-504,-184.64,-1139.54,75.21,7.65,303.39,69.46,24.79,29,71,263.21,85.48,54.57,137.83,127.28,11.52,197.43,82.68,0,238.78,244.82,188.17,51.51,56.66,20.64,12.55,43.26,-7.75,18.08,1.66,85.76,18.11,81.94,-24.94,-141.12,-17.7,-15.26,-9.96,0.96,1.05,5.38,11.85,1.17,6.02,60.66,1.17,1.24,18.54,19.69,8163.6,27.34,0,4.79,76.19,5.52,35.4,0.66,0.06,0.03,-5838.96,-1.99,-35.1,-91405.12,-1.71,-27128.18,10715.98,6989.59,1494.1,-91405.12,-1.71,1.4,0.4,46769.54,-70559.47,DS,1
(주)비에프랩스,139050,6952849,17491303,39581622,-16682531,-23412908,-1408,17198333,19292389,-34.85,-1.15,-28.86,-53.32,0,-53.47,-40.26,43.61,-56.83,-136.13,-18.54,-19.48,-46.67,-30.59,-73.28,-48.69,-116.63,-230.59,-552.37,56.39,156.83,-79.31,-14.56,7.28,-44.17,151.39,33.02,3.99,3.14,13.99,55.09,6.87,17.15,19.39,370.13,1989.5,-2719,-803.11,-1130.65,17.57,0,21.31,17.57,82.43,51.26,48.74,469.41,160.82,147.71,39.75,39.75,2.37,0,210.1,0,0,95.09,86.21,93.19,8.88,-26.62,25.38,49.52,-5.67,40.42,3.7,63.51,228.19,69.88,-22.83,-43.83,-11.13,-25.61,-7.81,0.34,0.86,0.54,4.06,0.94,39.64,9.21,1.57,1.57,0,0,0,0,0,7.59,48.07,0.44,3.61,0.64,0,0.03,-10828.73,-27.36,-228.52,-1365.52,-62.96,-23414.32,10351.09,1251.68,983.12,-1365.52,-62.96,2.97,8.02,31985.33,-6029.99,DU,1
(주)비유테크놀러지,230980,12738107,31563144,40274974,-69574489,-8320547,1822,7245956,33658067,-12.88,-2.55,-10.94,-16.8,6.98,-57.5,-47.05,-28.73,-89.73,-114.83,-14.64,-15.03,-19.24,-58.81,-75.65,-24.28,-31.06,-72.87,-93.03,128.73,189.73,-25.07,-33.37,33.36,-13.65,203.9,33.28,15.24,2.17,5.04,31.48,7.51,18.06,17.33,-29.86,77.65,-92,-46.98,-69.67,31.63,41.89,46.26,18.38,68.37,16.43,83.57,70.14,416.16,316.09,40.36,23.45,2.05,25.4,281.91,510.05,9.01,508.67,477.01,90.94,31.66,-46.74,35.55,216.39,-2.51,-6.74,-0.29,193.54,403.37,348.36,-27.19,-63.92,-22.72,-126.31,-2.69,0.17,0.27,0.66,0.81,0.23,13.22,27.6,0.52,0.82,1.4,260.04,53.09,128.29,1.46,4.83,75.56,0.25,0.62,0.16,0,0,309.91,0.77,2.7,108.34,4.28,-8318.72,5279.06,2417.46,344.27,108.34,4.28,9.11,24.49,36918.55,-5569.24,DU,1
이원다이애그노믹스(주),245620,44849830,114989528,134882009,-170026690,-45602741,962835,30599552,130480534,-22.27,-26.61,-29.26,-3.03,-21.93,-90.81,-65.41,18.43,-41.27,-149.03,-7.46,-8.19,-29.57,-58.05,-218.51,-9.89,-35.72,-98.46,-355.55,81.57,141.27,-104.61,-3.01,38.6,-21.91,195,9.88,12.97,5.38,8.73,27.66,8.92,13.8,13.3,-73.17,224.47,-335,43.84,-92.64,33.25,18.07,49.82,27.24,66.75,3.26,96.74,25.38,2045.5,452.59,39,31.96,8.29,110.9,210.22,23772.77,52.75,2964.47,2612.52,91.51,351.95,-52,69.47,2128.82,-0.98,-6.86,-0.67,148.86,355.07,352.56,-3.08,-4.29,-2.98,-13.15,-1.07,0.2,0.24,1.41,2.39,0.23,5.12,71.24,0.67,0.84,3.31,110.25,12.56,4.5,0,1.89,192.82,0.28,0.43,0.21,0,0,-17815.41,-13.21,-29.44,-315.66,-58.22,-44639.91,9001.89,11811.91,4898.25,-315.66,-58.22,5.81,8.08,82276.42,-7020.95,DU,1
지더블유바이텍(주),36180,6530792,19903678,53664536,-57982621,-13259816,313605,28073608,20868261,-7.29,113.64,48.57,-75.03,-45.75,16.94,-41.42,18.36,-38.53,-47.23,-18.98,-19.39,-23.77,-34.82,-42.74,-42.9,-52.59,-27.73,-31.41,81.64,138.53,-7.59,-5.38,3.23,-22.15,128.75,20.81,2.19,4.42,15.46,48.9,3.66,8.11,8.19,-33.89,324.94,-140,-33.19,-125.19,12.17,37.31,13.86,7.63,87.83,61.11,38.89,66.11,143.72,139.61,32.81,20.57,2.26,32.35,35.44,32.64,91.27,63.63,60.69,93.11,2.94,-24.92,26.08,42.68,-9.53,-25.97,-0.3,58.22,140.45,53.49,-32.14,-47.93,-12.5,-23.89,-11.94,0.5,1.11,0.9,0.72,1.14,9.71,37.6,1.72,2.18,8.1,45.04,8.29,0,0,11.92,30.61,0.71,1.34,0.73,0.1,0.03,-1607.01,-2.99,-16.45,-45.23,-5.72,-12946.21,8605,905.52,1828.69,-45.23,-5.72,4.29,2.76,64581.47,-7607.1,DU,1
(주)노블엠앤비,106520,2498945,14680260,21403213,-201854341,-6721060,0,3928792,17667038,-23.83,0.78,2,-73.88,97.43,-25.42,-25.98,-38.34,-173.92,-171.07,-26.22,-27.61,-27.15,-96.15,-29.03,-27.77,-27.32,-17.66,-16.29,138.34,273.92,2.85,-5.67,5.65,-26.26,217.04,25.92,1.78,8.43,19.56,352.75,1.26,10.6,8.05,-52,101.53,-163,-116.47,-176.58,11.68,37.4,13.22,7.31,88.32,17.46,82.54,47.94,505.98,281.19,17.02,10.66,1.83,86.58,49.25,228.66,175.79,472.86,392.92,94.77,79.94,-56.91,24.98,143.08,-12.06,-163.24,-0.9,153.54,476.45,542.04,-26.46,-87.45,-21.84,-118.99,-30.77,0.16,0.16,0.55,0.1,0.22,3.09,118.12,0.65,0.74,5.58,65.4,14.98,10.73,0,3.83,95.38,0.21,0.48,0.19,0.17,0.02,-2217.6,-10.36,-26.96,-117.52,-56.44,-6721.06,3230.21,222.09,1051.17,-117.52,-56.44,0,0,16074.35,-5562.26,DU,1
(주)토모큐브,475960,40062469,1328492,43610542,-65520574,-8302383,0,5938650,1620397,120.54,-9.42,-7.18,151.14,4.79,137.13,58.48,60.45,-147.84,-139.8,-26.55,-27.7,-26.2,-29.41,-27.81,-28.21,-26.68,-192.2,-181.75,39.55,247.84,8.04,5.05,-5.05,-27.14,227.3,43.05,-2.02,8.3,29.6,95.06,-16.27,65.01,10.8,543.65,1136.61,-754,-1251.71,-1680.38,91.86,5.94,1129.13,86.41,8.14,96.28,3.72,643.65,8.45,8.39,3015.63,2836.44,955.12,57.24,6454.69,142.46,0.89,3.86,3.16,76.35,0.7,88.82,0.23,0.24,-133.33,81.33,5.44,471.61,62.06,721.57,-384.83,-6156.19,-14.3,-105,0,0.19,0.19,0.2,1.3,3.22,146.96,2.48,0.21,0.23,2.55,142.97,6.65,4.14,0,5.35,68.28,1.61,1.98,0.2,0,0,-988.92,-2.27,-45.25,-995.97,-16.65,-8302.38,6382.57,-300.03,1230.93,-995.97,-16.65,2.16,14.81,187865.65,-6476.48,UQ,0
한미반도체(주),42700,407791209,160040613,710872367,610049963,152614498,45759901,558917192,169984503,-1.79,38.1,-25.06,27.68,60.74,-5.42,251.5,56.27,45.69,27.31,36.5,35.6,21.27,45.9,27.43,50.39,30.11,2008.36,1200.14,43.73,54.31,-10.2,5.08,-1.13,20.4,66.74,16.2,-1.58,2.46,11.05,78.78,-3.91,3.96,5.73,5327.32,5741.95,1589,1452.28,2623.73,57.36,37.62,134.55,35.79,42.64,76.09,23.91,4253.46,56.03,55.02,254.8,158.95,64.96,95.75,273.99,0,34.95,31.43,29.59,49.71,1.84,34.85,0.41,0.54,2215.54,95.3,53.27,65.05,63.29,100.78,54.82,3203.03,13.11,16.67,0,0.78,1.1,1,43.95,3.47,15.53,23.5,1.54,2.34,4.49,81.25,0,41.01,5.05,5.96,61.23,1.58,3.71,1.13,0,0.01,269298.22,37.88,179.73,1106.72,48.18,198374.4,64489.45,-6295.21,9772.01,1106.72,48.18,32.95,34.38,7882834.91,265078.21,UQ,0
(주)파로스아이바이오,388870,16254052,973214,19628332,-92331586,-10560177,0,0,1014822,-33.89,-12.44,-4.13,-37.89,0,-34.34,0,0,0,0,-47.82,-51.1,-42.82,-53.66,-44.97,-51.4,-43.08,-194.88,-163.31,0,0,0,0,0,-46.08,602.37,32.32,-6.35,6.34,21.83,52.69,-68.25,4.86,2.81,187.56,0,-817,-721.99,-975.39,82.81,0,481.7,82.81,17.19,94.83,5.17,287.56,18.13,18.09,1670.14,1670.14,653.45,0,0,0,0,5.45,5.23,66.37,0.22,77.85,0.63,0.66,-2095.64,61.85,1.88,0,0,0,-824.8,-6765.68,-42.64,0,0,0,0,0,0,0,0,0,0,0,0,0,0,0,0,0,0,0,0,0,0,0,-6468.61,-32.96,-229.59,-1280.71,0,-10560.18,4092.62,-803.96,802.91,-1280.71,0,15.09,0,92796.07,-9155.34,UQ,0
(주)파멥신,208340,47038194,3673254,54289151,-74743028,-4923833,0,3885545,6598065,103.36,-5.84,17.5,129.17,0,187.56,5083.22,11.55,-198.51,-126.72,-16.56,-19.05,-12.16,-24,-15.32,-21.21,-13.54,-27.95,-17.84,88.45,298.51,71.79,59.96,-23.15,-14.38,155.95,17.05,-6.55,6.45,30.79,187.08,-10.77,3.38,2.45,19.12,115.69,-93,-229.41,-229.65,86.64,0.37,648.72,86.33,13.36,87.85,12.15,118.93,15.2,14.33,1280.56,1275.87,221.17,1051.53,0,1051.53,0,13.84,7.7,75.41,6.13,79.88,5.97,6.79,-70.36,14.12,0.19,869.42,172.71,1283.05,-148.93,-303.24,-18.1,-252.9,0,0.1,0.11,0.12,0.14,0.47,0,0,0.12,0.12,45.12,8.09,45.12,0,0,4.29,85.06,0.58,2.33,0.1,0.02,0.01,-2355.69,-4.34,-145.86,-1027.03,-60.63,-4923.83,2340.34,-899.55,885.22,-1027.03,-60.63,2.81,44.25,235587.16,-4311.58,UQ,0
(주)클로봇,466100,65669617,8026984,69510935,-46829057,-6729152,0,33395079,9543312,0,0,0,0,0,0,0,17.58,-22.43,-20.15,-9.51,-10.78,-9.68,-12.49,-11.23,-11.02,-9.9,-61.01,-54.81,82.42,122.43,2.28,1.39,-2.42,-10.84,119.4,33.44,-1.95,1.23,36.69,102.67,-8.46,8.09,8.09,387.95,17712.52,-313,-3987.67,-3973.11,94.47,5.53,1709.56,89.25,5.53,86.27,13.73,487.95,6.41,6.25,818.11,772.87,116.38,205.98,327.06,260,62.98,15.91,13.39,77.18,2.53,82.93,1.34,1.55,-99.6,68.61,3.88,196.64,11.5,203.47,-78.78,-808.57,-10.82,-22.51,0,0.48,0.49,0.56,2.72,3.5,14.6,25,0.51,0.54,9.2,39.69,11.61,49.06,0,4.46,81.76,8.69,40.26,0.45,0,0.01,6833.52,9.83,894.67,21606.61,20.46,-6729.15,13849.7,-807.29,508.23,21606.61,20.46,0.4,1.04,212463.99,-6642.84,UQ,0
(주)큐리언트,115180,50626748,5014602,65572921,-206893491,-24453127,-1,9179834,5386511,24.89,-17.6,84.14,14.06,-43.11,23.55,1.64,14.71,-299.33,-266.38,-44.03,-46.54,-41.42,-49.92,-45.23,-54.28,-48.3,-176.18,-151.1,85.29,399.33,32.95,31.96,-15.86,-43.88,295.75,9.86,-3.94,2.34,35.14,28.78,-36.41,3.3,4.73,236.72,303.68,-752,-771.33,-908.99,77.21,0.19,338.73,77.06,22.79,91.79,8.21,336.58,24.83,24.68,1009.59,1007.65,299.55,883.62,757.03,883.62,116.72,8.95,8.33,68.97,0.62,69.56,1.28,1.4,-989.12,65.72,2.52,517.52,125.62,587.22,-420.37,-2691.3,-34.53,-246.66,0,0.16,0.18,0.17,0.59,2.3,108.02,3.38,0.19,0.19,68.64,5.32,68.64,0,0,9.42,38.73,0.8,114.7,0.18,0,0.02,-21654.04,-33.02,-29946.53,0,-235.89,-24453.13,3643.1,-1455.95,865.11,0,-235.89,3.12,16.09,125320.94,-24261.24,UQ,0
(주)푸른소나무,57880,2294709,7222490,11616033,-52839147,-7651744,0,3657485,8892308,21.48,33.66,9.26,122.7,-100,190.05,80.83,11.95,-40.25,-209.21,-13.68,-13.9,-72.26,-80.39,-417.81,-25.1,-130.43,-4.11,-21.35,88.05,140.25,-168.95,-4.44,4.44,-70.73,70.66,121.79,5.79,22.38,41.09,14.09,1.85,9.41,15.38,-74.87,127.26,-388,-105.76,-51.23,19.75,0,24.62,19.75,80.25,23.45,76.55,22.16,342.23,212.16,31.77,31.77,4.03,0,121.24,0,0,326.48,265.17,31.25,61.31,-42.42,17.04,72.69,-7.91,-79.22,-0.75,45.46,244.06,248.75,-65.28,-293.2,-49.97,-158.72,-9.06,0.35,0.62,2,0.1,0.42,6.35,57.52,2.2,2.24,129.71,2.81,129.71,0,0,7.14,51.14,0.41,5.9,0.4,0.01,0,-3446.26,-29.67,-485.63,0,-94.22,-7651.74,3415.38,162.43,627.68,0,-94.22,0,0,217751.22,-842.71,DU,0
파라택시스코리아(주),288330,23360375,3874607,33492252,-149473430,-19932969,0,2178,5927588,2.48,-33.03,-7.49,7.5,0,35.98,-97.82,100,-872743.91,-915196.02,-56.17,-57.45,-60.24,-80.4,-86.75,-59.9,-62.81,-97.53,-101.36,0,872843.91,-42452.11,-17928.32,-10677.6,-60.95,3179.44,33.68,-1.13,6.96,38.92,21.57,-2.46,7.19,6.12,1.9,0.08,-485,-764.94,-701.92,69.75,0,230.56,69.75,30.25,82.3,17.7,101.86,36.76,34.21,602.91,602.91,148.06,0,0,0,0,21.5,14.06,45.39,7.45,58.18,7.84,9.52,-100.67,5.4,0.07,1035155.39,484021.59,1474387.68,-442.76,-999.73,-78.36,-1205014.79,0,0,0,0,0,0,0,0,0,0,0,0,0,0,0,3.8,96.08,0,0,0,0.25,0.01,-11561.02,-34.52,-2345.57,-3128.86,-530809.04,-19932.97,6932.31,-232.56,1431.63,-3128.86,-530809.04,9.71,28355.71,185014.01,-15419.7,UQ,0
두산로보틱스(주),454910,342028599,15446452,421690972,-136709021,-36560851,8347,46829944,19189792,-7.61,21.37,162.76,-19.73,107.07,-8.27,-11.71,20.35,-87.98,-78.07,-6.45,-9.38,-8.33,-9.79,-8.69,-9.84,-8.74,-127.13,-112.81,79.65,187.98,9.93,31.47,-26.65,-11.17,155.47,23.64,-12.47,6.14,24.78,43.34,-67.81,15.2,10.36,1141.9,722.46,-564,-675.26,-635.64,81.11,8.57,429.35,74.16,18.89,95.45,4.55,1241.9,19.79,19.61,2214.29,2024.55,1719.07,96.68,655.69,123.66,14.74,4.77,3.84,37.12,0.93,77.45,0.64,0.67,-100.8,87.76,11.42,820.13,117.42,818.05,-184.91,-1319.7,-8.41,-75.77,0,0.11,0.11,0.11,1.44,2.54,9.17,39.81,0.12,0.13,2.16,169.37,2.85,11.54,118.3,1.85,197.07,0.85,5.02,0.12,0,0,-19231.88,-4.56,-215.48,-318.58,-41.07,-36552.5,23653.2,-12478.82,6146.25,-318.58,-41.07,18.84,146.81,3128397.28,-30937.09,UQ,0
보로노이(주),310210,56455764,6770471,73658644,-189514476,-32613098,-32150,0,7246106,-22.18,0.19,-48.43,-7.9,0,-18.36,0,0,0,0,-40.25,-43.18,-38.75,-49.19,-44.14,-54.86,-49.24,-406.38,-364.71,0,0,0,0,0,-40.99,748.98,35.16,-5,5.22,31.89,215.25,-18.34,58.68,8.74,624.98,0,-1860,-1640.04,-2051.42,76.65,0,328.18,76.65,23.35,90.16,9.84,723.06,25.9,25.72,833.85,833.85,149.97,0,0,0,0,10.91,10.19,58.6,0.72,67.45,1.34,1.49,-62.57,77.93,6.25,0,0,0,-399.53,-2925.42,-39.3,0,0,0,0,0,0,0,0,0,0,0,0,0,0,0,0,0,0,0,0,0,0,0,-18859.32,-25.6,-376.28,-1537.34,0,-32645.25,13245.49,-1884.91,1966,-1537.34,0,33.84,0,1459402.2,-34407.74,UQ,0
테고사이언스(주),191420,32134169,2285100,52515371,8064876,3316180,-477500,6759059,2826935,7.37,-2.58,-1.44,13.82,26.3,7.31,-13.04,70.67,-33,49.06,-2.63,-4.4,6.54,-4.65,6.96,-4.7,7,-55.01,82.62,29.33,133,75,8.09,-11.93,4.95,72.5,39.7,-8.57,5.74,3.96,36.69,-29.8,4.84,5.15,1178.99,833.54,418,-143,-275.05,61.19,5.17,157.67,58.03,38.81,94.62,5.38,1229.76,41.02,40.58,1406.25,1333.55,70.09,158.84,5865.38,229.79,2.71,5.69,4.6,82.64,1.09,56.84,3.53,3.73,-24.84,90.7,11.75,446.55,303.74,747.09,-34.56,-52.71,-1.86,-14.46,0,0.13,0.14,0.14,1.67,2.5,184.77,1.98,0.22,0.24,4.54,80.37,6.73,13.99,0,2.4,151.9,0.33,0.42,0.21,0,0,6305.67,12.01,39.72,1259,93.29,2838.68,3733.66,-806.2,539.53,1259,93.29,4.31,32.65,100187.33,-1455.23,UQ,0
씨피시스템(주),413630,24401787,2279100,47569039,17798445,-12093742,-489043,21290632,2869885,0,0,0,0,0,0,0,41.46,15.57,-56.8,8.02,6.97,-25.42,7.42,-27.06,7.21,-26.3,82.31,-300.22,58.54,84.43,-74.67,4.2,-2.11,-26.37,154.63,15.76,-1.26,5.5,14.19,69.13,-15.68,17.72,17.72,1232.94,528.52,-341,110.65,82.31,51.3,24.35,105.33,38.81,48.7,93.97,6.03,1109.62,51.83,51.15,1070.68,810.01,382.97,60.65,483.27,76.13,12.55,6.42,5.1,37.25,1.32,46.51,0.61,0.65,64.47,104.41,12.33,114.61,108.81,215.99,155.31,1535.66,9.37,20.93,0,0.45,0.46,0.48,5.29,7.42,28.56,12.78,0.87,1.15,3.58,101.85,4.5,29.77,43.17,5.91,61.77,0.92,1.01,0.8,0,0.01,-5463.99,-11.49,-26.1,-135.44,-25.66,-12582.79,5611.65,-449.99,1957.13,-135.44,-25.66,5.01,10.04,60975.3,5163.67,UQ,0
에이치엘비(주),28300,172281680,160718377,887424813,211934491,-108026799,-1222342,68125727,235310995,18.05,48.99,17.75,19.3,-15.18,10.06,58.8,17.69,-173.97,-158.57,-14.07,-14.46,-13.18,-19.2,-16.72,-22.92,-20.89,-181.26,-140.68,82.31,273.97,13.6,28.71,11.06,-12.26,193.16,36.55,3.77,3.11,2.21,5.88,3.72,6.7,9.63,789.88,520.65,-704,-873.63,-905.75,19.41,5.62,24.09,18.32,80.59,73.48,26.52,877.62,109.67,98.41,107.19,101.17,57.89,92.07,157.67,552.11,58.39,36.08,24.65,63.26,11.44,1.3,18.03,24.54,-11.06,66.99,9.05,232.43,970.6,823.18,-48.01,-70.6,-12.73,-165.83,-15.73,0.08,0.13,0.11,1.04,0.34,10.77,33.88,0.43,0.46,6.45,56.55,28.03,45.64,10.39,8.44,43.25,0.1,1.12,0.24,0.25,0.02,-18023.72,-2.03,-28,-401.11,-26.46,-109249.14,73136.24,7534.03,6227.94,-401.11,-26.46,16.25,866.15,9656125.03,-13003.42,UQ,0
에이치엘비테라퓨틱스(주),115450,54125069,31904450,219793069,-30176019,-23459940,0,54931941,37924951,9.46,-4.58,9.74,8.63,0.7,-1.87,2.2,18.57,-13.88,-42.71,-3.16,-3.63,-11.16,-4.32,-14.34,-5.17,-15.92,-19.78,-59.14,81.43,113.88,-27.86,-12.44,1.78,-10.69,124.45,9.09,1.16,9.57,8.82,4.56,2.92,8.41,11.77,295.77,695.41,-297,16.3,-96.52,24.63,9.93,32.67,22.18,75.37,82.75,17.25,392.97,91.09,88.17,169.65,152.81,56.21,160.53,179.06,196.98,89.65,20.85,17.54,77,3.31,10.11,10.62,12.84,-3.88,65.02,3.57,94.62,288.21,282.44,6.08,9.88,1.05,4.2,-7.78,0.26,0.37,0.31,1.43,1.63,8.45,43.19,1.06,1.18,10.26,35.58,12.29,77.78,306.81,6.06,60.21,0.35,6.04,0.68,0.13,0.02,-6163.92,-2.8,-69.42,-1814.02,-11.22,-22925.86,7689.96,979.75,8092.22,-1814.02,-11.22,7.25,25.01,946765.6,10759.02,UQ,0
워트(주),396470,58574019,1843712,65200720,36192864,3391770,661572,15184230,1922212,4.8,0.92,3.47,4.95,-27.25,4.27,18.21,30.1,13.37,22.34,6.22,3.19,5.32,3.28,5.47,3.19,5.33,125.98,210.41,69.9,86.63,13.32,12.74,-12.74,2.29,76.63,23.4,-14.55,1.37,4.52,34.45,-112.16,0,0,3825.47,941.95,210,363.68,125.98,89.84,5.73,883.91,84.69,10.16,97.05,2.95,3925.47,10.47,10.46,3176.96,2994.89,227.31,53.05,202.18,72.72,26.24,3.04,2.91,0,0.12,87.01,0,0,999999999,94.58,38.25,376.66,42.91,428.37,203.58,0,6,25.77,0,0.24,0.24,0.24,9.42,8.8,15.23,23.97,0.27,0.29,3.81,95.8,4.97,16.36,0,8.65,42.18,2.33,3,0.26,0,0.01,5438.16,8.34,106.86,2747.65,35.81,4053.34,3110.76,-1934.5,182.26,2747.65,35.81,4.83,19.42,117225.44,2216.19,UQ,0
국일제지(주),78130,64773041,9825038,142417007,-12433150,-13011937,-586814,56365161,19437928,-36.65,-42.2,-4.74,-54.8,-26.24,-10.72,-30.17,7.4,-2.29,-23.09,-0.25,-0.7,-7.09,-0.99,-9.98,-0.79,-7.93,-2.05,-20.69,92.6,102.29,0.6,1.12,-1.16,-7.44,101.65,27.4,-1.12,3.25,8.84,204.76,-1.23,112.6,0.6,9.08,50.25,-12,-12.04,-1.15,45.48,27.75,83.42,32.86,54.52,86.35,13.65,109.08,63.14,58.56,659.27,476.35,173.27,69.55,541.91,124.9,12.83,15.81,7.99,51.08,7.82,38.58,0.11,0.13,-7.3,7.19,0.09,184.58,141.18,194.63,-37.09,-4596.72,-5.06,-12.79,0,0.31,0.34,0.43,0.9,1.06,20.55,17.76,0.54,0.68,2.66,137.08,5.26,10.35,31.67,4.55,80.27,0.71,0.96,0.38,0,0.01,16911.6,11.87,40.26,130.54,30,-948.92,16007.87,-655.17,1897.65,130.54,30,0,0,885344.32,1278.94,UQ,0
에이치엘비이노베이션(주),24850,55517203,13554106,268011067,-11203692,-12369788,56352,25355832,16028155,0,0,0,0,0,0,0,11.22,-46.86,-48.78,-3.88,-4.43,-4.62,-4.72,-5.02,-4.5,-4.68,-16.47,-17.08,88.78,146.86,-1.7,-2.15,-0.61,-4.67,142.68,20.84,-0.38,3,3.04,35.27,-0.96,21.85,21.85,240.28,175.71,-144,-54.73,-82.34,20.71,10.04,26.13,18.64,79.29,94.02,5.98,340.25,84.33,83.51,409.6,368.49,234.2,53.02,168.36,432.22,31.49,6.36,5.38,59.4,0.98,15.66,2.27,2.42,-8.92,67.1,2.49,218.95,838.05,1042.01,-49.27,-129.6,-2.95,-31.15,0,0.09,0.1,0.1,0.35,1.58,14.45,25.26,0.46,0.51,4.55,80.21,37.09,8.36,15.39,8.58,42.53,0.12,1.19,0.37,0,0.01,-2655.89,-0.99,-12.51,-94.31,-10.47,-12313.44,8578.28,-154.56,1233.82,-94.31,-10.47,2.18,20.3,339325.64,-2210.02,UQ,0
(주)인트론바이오테크놀로지,48530,52226221,1338101,86374616,42769815,-2591158,-414720,6417829,2601943,-12.41,-13.14,-9.26,-14.35,11.2,-13.4,-33.05,58.23,-81.61,-40.37,-3.96,-5.66,-2.8,-5.8,-2.87,-6.59,-3.26,-30.67,-15.17,41.77,181.61,34.78,26.6,-24.17,-4.48,125.07,29.78,-11.81,15.42,10.24,50.18,-69.22,1.88,2.84,496.88,187.93,-79,-4.05,-153.37,60.46,2.15,152.94,59.16,39.54,96.99,3.01,490.61,40.76,40.16,3903.01,3818.99,2567.78,81.2,1505.9,123.47,5.39,3.11,1.6,13.54,1.51,58.92,1.44,1.49,-223.73,98.23,4.97,881.97,559.25,1138.56,57.25,119.68,1.72,23.21,0,0.07,0.08,0.07,0.38,2.86,210.27,1.74,0.11,0.12,6.01,60.72,9.58,17,0,4.43,82.48,0.18,0.31,0.11,0,0.01,1653.6,1.91,9.06,82.11,25.77,-3005.88,3912.57,-1551.3,2025.59,82.11,25.77,4.02,49.49,159783.27,-3210.82,UQ,0
(주)칩스앤미디어,94360,51900686,4960910,83980125,53759504,10009046,-1134686,27075424,8197584,7.68,-41.03,31.83,-3.27,0,7.55,-2,100,19.51,36.97,8.34,6.52,12.36,7.22,13.69,9.08,17.2,50.04,94.83,0,80.49,13.27,9.17,-5.28,10.59,71.33,28.17,-6.47,7.24,35.2,214.07,-18.18,7.31,3.98,740.45,1300.26,487,324.59,253.63,61.8,0,161.79,61.8,38.2,90.24,9.76,717.97,42.33,40.6,1046.19,1046.19,472.41,0,0,0,0,10.82,6.55,89.42,4.27,55.89,0.69,0.77,124.28,93.06,7.4,194.93,104.18,214.34,74.97,1057.62,7.32,22.7,0,0.33,0.47,0.37,2.57,3.44,0,0,0.51,0.51,0,0,0,0,0,8.97,40.67,0.96,11.58,0.47,0.11,0.02,16261.53,19.36,937.52,11250.77,60.06,8874.36,6219.87,-1429.18,1598.14,11250.77,60.06,10.79,29.15,304587.8,6893.88,UQ,0
(주)네이처셀,7390,42039041,4123540,71997509,-72136705,1226158,128772,32333908,7373108,5.26,7.93,7.85,3.49,-7.32,5.22,67.09,52.33,1.85,3.79,2.08,0.85,1.75,0.95,1.95,0.96,1.97,1.86,3.82,47.67,98.15,2.34,2.81,-2.14,0.76,95.95,22.34,-2.15,5.91,26.17,97.45,-9.64,9.42,8.2,100.83,503.98,19.09,23.58,9.31,58.39,7.07,140.32,54.26,41.61,89.76,10.24,200.83,46.36,44.14,1019.49,947.37,688.02,318.49,482.3,1028.87,66.04,11.41,6.38,43.67,5.03,52.66,2.48,2.76,3.56,45.07,1.01,127.82,89.28,192.92,-4.17,-17.25,-0.43,-0.95,0,0.46,0.52,0.51,1.01,4.51,28.59,12.77,0.78,0.85,10.46,34.9,29.3,16.27,0,4.86,75.13,1.12,2.78,0.71,0,0.01,10043.47,13.95,83.15,720.05,31.06,1354.93,7177.79,-691.76,1899.68,720.05,31.06,28.41,55.86,1357400.5,2555.62,UQ,0
(주)동서,26960,899754297,59271554,1779146551,1575985106,159046265,17936646,488860393,69670001,5.03,-11.66,4.43,5.61,19.87,5.37,-0.17,17.49,9.1,32.53,4.15,2.56,9.16,2.67,9.52,4.81,17.21,89.22,315.45,82.51,90.9,27.11,6.16,-5.61,7.58,71.71,7.93,-6.12,0.93,17.49,406.41,-38.98,5.3,6.3,3330.29,4903.31,1594,1135.81,446.11,50.57,7.42,102.32,46.82,49.43,96.08,3.92,3398.92,51.44,51.13,1518.02,1405.37,49.54,66.51,131.03,139.38,50.76,4.08,3.47,88.22,0.61,47.24,0.23,0.24,208.66,94.16,33.61,179.16,176.07,193.29,166.02,2878.23,6.5,23.66,0,0.28,0.53,0.29,9.81,6.94,14.04,26,0.56,0.6,7.98,45.72,15.67,178.53,206.64,10.82,33.72,0.57,10.87,0.52,0.2,0.02,189292.99,10.64,448.69,4266.03,38.72,176982.91,35591.53,-27445.77,4164.32,4266.03,38.72,1.97,7.01,2701481.58,43566.86,UQ,0
(주)디어유,376300,169131498,20729337,220326633,9584424,24388268,6760968,74863521,24295640,0,0,0,0,0,0,0,100,33.95,32.58,14.15,11.53,11.07,12.96,12.44,12.16,11.67,214.11,205.48,0,66.05,7.66,14.19,-7.43,8.54,63.99,20.34,-9.77,4.42,27.92,5.53,-22.9,4.89,4.89,1551.59,3153.69,1027,999.86,1070.56,76.76,0,330.37,76.76,23.24,88.97,11.03,1651.59,26.12,25.65,815.9,815.9,405.81,0,0,0,0,12.39,10.57,20.67,1.82,67.36,1.78,2,132.78,83.59,15.52,225.92,68.38,279.26,97.69,606.06,10.77,31.7,0,0.34,0.36,0.38,6.31,3.08,0,0,0.44,0.44,0,0,0,0,0,12.66,28.83,1.46,23.41,0.39,0.08,0.03,39748.53,18.04,1242.98,11651.34,53.09,31149.24,11584.08,-5563.92,2519.39,11651.34,53.09,5.31,13.3,776407.9,28613.13,UQ,0
(주)레인보우로보틱스,277810,113965182,5788485,139881006,-5908002,2135371,-775857,19346780,7129702,5.48,186.66,127.56,-5.99,15.96,1.6,26.8,32.64,-15.4,11.04,0.18,-2.19,1.57,-2.26,1.62,-2.36,1.69,-30.71,22.01,67.36,115.4,22.42,22.49,-16.61,-0.79,94.32,17.93,-14.25,4.04,16.46,59.39,-70.75,3.37,5.84,1268.58,997.26,110,-98.63,-153.56,81.47,6.28,439.75,76.35,18.53,94.9,5.1,1368.58,19.52,19.33,1968.83,1845.09,1183.17,125.22,706.94,305.06,17.71,5.37,4.36,57.88,1.01,77.33,0.25,0.27,-250.36,87.97,12.69,607.82,96.41,646.36,-16.7,-337.38,-0.85,-6.16,0,0.14,0.15,0.15,1.99,4.26,26.69,13.68,0.16,0.17,2.9,125.83,7.2,5.95,26.41,2.74,133.31,1.04,1.47,0.16,0,0,3099.82,2.22,32.15,513.04,16.02,1359.51,4043.59,-3213.68,910.4,513.04,16.02,30.53,205.86,3088403.92,-1404.08,UQ,0
(주)로보로보,215100,16958700,2244305,33401057,8834899,-106796,325229,13494458,2351425,0.33,85.25,0.97,-0.27,4.89,0.08,-5.38,58.93,-11.38,-0.79,-2.12,-4.6,-0.32,-4.95,-0.35,-7.29,-0.51,-75.46,-5.25,41.07,111.38,13,13.19,-6.06,-2.77,98.08,18.82,-5.36,3.01,17.16,0,-35.39,5.75,6.28,1439.19,663.17,-5,-80.65,-75.46,50.77,26.39,103.14,37.37,49.23,92.96,7.04,1522.79,52.96,52.77,755.63,556.22,75.32,55.09,574.14,258.92,9.6,7.57,7.23,78.85,0.34,44.05,0.62,0.67,-128.39,87.87,14.42,125.84,121.26,164.78,-13.06,-147.72,-0.92,-2.28,0,0.4,0.64,0.43,6.63,5.84,26.81,13.61,0.79,1.07,3.09,118.23,14.97,3.89,0,7.43,49.12,0.82,3.33,0.7,0,0.01,2716.9,8.13,51.55,387.52,20.13,218.43,2867.94,-817.16,458.25,387.52,20.13,4.56,15.8,77460.53,-946.01,UQ,0
(주)로보티즈,108490,53196903,3851570,100246445,12527678,-3038578,-2005158,30038231,4239673,-12.83,8.68,39.07,-34.46,-13.14,-0.06,3.13,54.1,-9.9,-10.12,-1.1,-2.76,-2.82,-3.1,-3.31,-3.14,-3.21,-45.7,-48.29,45.9,109.9,-6.89,-7.12,-3.43,-3.78,115.03,31.34,-2.67,6.5,11.41,63.17,-8.81,58.61,14.22,1424.35,2289.8,-243.9,408.29,-226.67,53.07,25.14,113.07,39.72,46.93,95.77,4.23,1446.42,49.01,48.81,1381.17,1033.89,303.58,4.92,377.59,18.22,1.3,4.42,4.01,100,0.4,49.22,1.29,1.34,-3.93,94.32,14.4,223.65,134.63,273.29,7.18,23.58,0.3,1.01,0,0.28,0.32,0.31,4.62,2.57,70.77,5.16,0.45,0.57,2.09,174.83,9.09,3.79,0,21.65,16.86,0.74,1.12,0.38,0,0.01,9143.14,9.12,32.7,248.75,30.44,-5043.74,12095.67,-1030.9,2508.17,248.75,30.44,5.06,17.29,295557.14,-1474.02,UQ,0
(주)리가켐 바이오사이언스,141080,550261759,117182807,738382908,36331391,7800100,1324967,125898141,122384802,289.64,-0.44,242.76,308.76,7.94,315.59,268.71,87.33,-16.61,6.2,-0.2,-4.51,1.68,-5.47,2.04,-5.52,2.06,-128.64,47.98,12.67,116.61,23.86,23.13,-15.47,-2.52,94.34,24.15,-12.81,3.3,15.57,39.28,-23.79,61.38,7.47,3400.83,3648.85,227,2274.45,-606.13,74.52,0.04,292.5,74.49,25.48,83.43,16.57,3365.16,30.54,30.28,469.58,469.39,110.01,6456.05,178.43,11200.77,3618.34,19.87,19.02,58.61,0.84,58.65,0.11,0.13,-41.56,84.31,34.01,272,96.51,467.88,6.64,990.44,1.1,6.45,0,0.27,0.33,0.33,7.74,1.54,17.03,21.43,0.37,0.37,615.19,0.59,974.25,0,0,8.83,41.35,1.04,4.96,0.3,0,0.05,31366.05,4.25,124.79,517.05,24.91,9125.07,36703.37,-19471.3,5008.91,517.05,24.91,8.14,39.35,3862606.79,-16406.56,UQ,0
(주)메드팩토,235980,56790023,1375361,60785299,-199294453,-20140351,0,0,3042065,-24.47,-23.52,-24.9,-24.44,0,-18.57,0,0,0,0,-28.5,-30.89,-28.52,-33.91,-31.31,-31.07,-28.69,-128.6,-118.72,0,0,0,0,0,-30.77,910.7,30.97,-7.38,7.14,29.7,117.25,-25.3,4.74,1.74,236.94,0,-598,-491.91,-648.07,93.43,0,1421.43,93.43,6.57,95,5,336.94,6.92,6.72,4129.1,4129.1,1091.3,0,0,0,0,5.27,2.38,23.74,2.89,91.16,3.19,3.36,-237.29,66.8,2.37,0,0,0,-704.46,-1104.12,-35.26,0,0,0,0,0,0,0,0,0,0,0,0,0,0,0,0,0,0,0,0,0,0,0,-13487.27,-22.19,-483.58,-347252.06,0,-20140.35,6692.41,-1595,1541.77,-347252.06,0,10.09,0,137538.14,-20403.76,UQ,0
(주)메지온,140410,41925552,26670295,73997679,-143148358,-19476775,4942971,8611621,27935167,-19.7,-11.41,79.12,-43.53,-5.61,-25.03,-72.85,22.18,-166.05,-226.17,-15.49,-17.21,-23.45,-26.6,-36.23,-17.59,-23.96,-96.02,-130.78,77.82,266.05,-2.72,16.46,-13.13,-24.81,234.79,18.01,-4.47,3.78,3.94,11.32,-3.86,18.62,28.44,207.46,289.05,-653,-620.59,-479.96,56.66,12.93,130.72,49.33,43.34,62.25,37.75,307.46,69.63,67.77,157.2,136.88,51.06,16.05,52.85,155.58,30.37,60.65,57.9,42.97,2.75,20.62,2.18,3.51,-47.54,42,2.07,674.49,290.18,847.96,-52.82,-913.23,-19.94,-171.35,0,0.1,0.11,0.16,0.58,0.29,3.03,120.29,0.15,0.16,1.54,236.53,13.84,1.77,0,5.42,67.37,0.34,3.2,0.1,0.25,0.01,-9852.08,-13.31,-389.63,0,-114.4,-14533.8,4559.17,-1130.7,957.8,0,-114.4,34.27,173.67,912569.41,-3302.14,UQ,0
(주)샤페론,378800,15914209,2110157,19283685,-116843467,-14902980,0,17704,3283507,-22.89,-7.74,0.28,-26.49,0,-15.77,-91.78,100,-85525.88,-84178.61,-66.52,-68.37,-67.29,-86.53,-85.17,-68.37,-67.29,-113.82,-112.02,0,85625.89,1347.28,2010.41,-2010.41,-68.9,3076.45,13.32,-2.31,7.76,30.38,68.94,-7.66,19.37,15.31,6.16,0.66,-553,-621.14,-561.92,82.53,0.8,472.31,81.87,17.47,82.97,17.03,106.16,21.06,19.62,754.17,748.17,728.35,0,0,0,0,20.52,13.19,98,7.33,71.58,1.46,1.76,-277.9,4.82,0.06,106085.9,19005.29,108922.76,-452.97,-5287.24,-77.13,-84011.15,0,0,0,0,0,0,0,0,0,0,0.28,1305.76,0,1.57,0.34,0,0,0.01,0.01,0,0,0,-12011.47,-62.29,-425.51,-613.04,-67846.08,-14902.98,2051.85,-355.92,1195.65,-613.04,-67846.08,10.13,8979.9,91543.87,-12854.88,UQ,0
(주)석경에이티,357550,19643658,2166156,49219176,22629034,4335630,-936479,13816435,9380828,22.39,63.53,57.5,-8.36,11.45,10.54,13.28,61.13,14.61,31.38,5.14,4.52,9.7,5.32,11.43,5.35,11.49,74.03,158.96,38.87,85.39,9.99,2.44,-1.91,9.1,77.96,31.2,-2.2,8.65,13.54,135.65,-3.9,0.3,0.54,1397.28,2532.8,796,805.88,370.13,39.91,19.1,66.42,32.29,60.09,80.94,19.06,1460.62,74.24,62.86,906.84,733.6,399.7,33.96,627.03,107.9,5.42,23.55,5.44,2.05,18.11,35.51,11,13.59,124.13,77.43,13.97,148.66,174.99,271.85,39.58,68.58,7.54,26.87,0,0.31,0.37,0.36,5.07,2.04,86.89,4.2,0.67,0.81,3.88,94.05,11.22,9.28,16.45,11.85,30.8,0.57,0.63,0.61,0,0.01,7922.04,16.1,44.58,183.87,57.34,3399.15,3751.23,-264.38,1040.53,183.87,57.34,9.25,26.59,211482.5,2953.33,UQ,0
(주)씨메스,475400,72743737,3999246,80987639,-41601338,-13462782,0,6888406,6738820,0,0,0,0,0,0,0,7.24,-207.42,-195.44,-16.68,-17.64,-16.62,-19.24,-18.13,-18.85,-17.76,-246.16,-231.95,92.76,307.42,11.98,10.11,-10.09,-17.48,272.23,57.87,-3.27,6,40.19,23.13,-10.31,2.43,2.43,1179.22,760.36,-1402,-1396.39,-1577.12,89.82,2.05,882.39,87.98,10.18,91.68,8.32,1279.22,11.1,10.71,1818.94,1781.57,1645.55,200.93,512,24467.41,39.24,9.08,5.39,20.29,3.69,84.88,4.07,4.44,-178.34,84.51,11.79,1056.03,119.68,1100.39,-187.73,-383.89,-15.62,-183.65,0,0.09,0.09,0.09,1.19,1.02,11.75,31.07,0.09,0.1,4.61,79.18,561.36,26.77,5.8,2.29,159.09,0.84,1.57,0.09,0,0,-24.74,-0.03,-1.6,-4.92,-0.36,-13462.78,12315.23,-694.93,1276.37,-4.92,-0.36,4.34,50.63,216532.96,-11579.04,UQ,0
(주)씨씨에스충북방송,66790,24463846,2768625,38009613,-2654636,-1073241,0,18337213,3524269,20.46,-11.53,-9.73,47.85,0,25.22,-4.55,20.19,-4.64,-5.85,-0.4,-2.44,-3.09,-2.74,-3.46,-2.57,-3.25,-2.81,-3.54,79.81,104.64,-1.22,3.31,-3.31,-4.83,105.47,13.75,-2.93,13.57,21.09,337.84,-16.12,11.56,11.46,16.75,287.19,-18,39.48,-13.31,64.36,0.01,180.6,64.36,35.64,90.73,9.27,105.86,39.28,38.44,883.61,883.55,412.87,26830.36,61.21,0,43833.67,10.22,8.03,15.6,2.19,57.08,2.32,2.55,-8.34,14.36,0.17,111.82,77.85,197.57,95.76,383.13,8.88,18.4,0,0.53,0.55,0.59,0.61,4.87,22.58,16.16,0.89,0.89,23389.3,0.02,0,0,0,32.09,11.37,1.28,1.62,0.79,0,0,3819.74,10.05,35.87,47.79,20.83,-1073.24,2847.53,-607.49,2810.39,47.79,20.83,12.4,23.5,87179.13,1979.85,UQ,0
(주)아이씨티케이,456010,33498660,1121060,45792683,-38169030,-5817712,0,6683573,2780906,0,0,0,0,0,0,0,45.04,-100.03,-87.04,-12.69,-14.6,-12.7,-15.54,-13.53,-16.4,-14.27,-100.71,-87.64,54.96,200.03,12.99,11.02,-9.86,-14.14,174.47,47.4,-4.84,7.54,16.59,9.66,-23.71,11.67,11.67,547.92,503.4,-467,-447.91,-503.55,73.15,4.54,272.48,69.83,26.85,93.93,6.07,647.92,28.58,27.52,2988.12,2852.42,521.52,163.92,0,6765.51,0,6.47,2.61,28.64,3.86,70.7,4.07,4.33,-30.76,79.43,5.48,501.21,183.94,610.09,-213.84,-319.18,-12.99,-88.98,0,0.15,0.16,0.16,1.01,2.4,0,0,0.2,0.21,4.39,83.08,181.32,8.32,9.82,2.68,136.19,0.54,3.62,0.19,0.14,0,1220.99,2.67,66.16,83.22,18.27,-5817.71,6460.47,-659.29,1027.6,83.22,18.27,22.62,134.24,126858.69,-5651.31,UQ,0
(주)케어젠,214370,96406402,8066162,240696868,286133968,32313654,7853055,82585948,17719089,-2.66,96.25,78.47,-42.07,-3.29,-1.9,4.26,66.98,41.47,39.13,14.45,14.04,13.24,15.21,14.35,14.82,13.98,637.62,601.58,33.02,58.53,7.16,6.98,-1.21,12.83,55.1,26.29,-2.03,10.46,10.89,54.67,-5.3,0,0,5395.98,1537.48,658,251.08,637.62,40.05,18.78,66.81,32.53,59.95,92.64,7.36,4151.13,64.71,62.03,1195.2,970.74,62.87,182.11,1869.13,244.05,9.74,7.95,3.62,0,4.33,36.7,0,0,999999999,120.42,53.96,159.13,136.31,279.27,118.77,0,8.74,25.48,0,0.34,0.36,0.37,15.37,4.38,62.24,5.86,0.63,0.73,4.49,81.38,5.87,19.17,0,3.58,101.91,0.73,0.87,0.59,0,0.01,57232.11,23.78,46.2,512.83,69.3,40166.71,12955.99,-999.04,5156.33,512.83,69.3,7.98,19.19,1541957.9,39418.08,UQ,0
(주)아이에스시,95340,405104881,52271210,582882970,222040653,54898977,14686321,174480094,59741369,7.58,-0.64,-1.24,11.97,0.03,10.45,24.43,42.64,25.67,31.46,10.1,7.96,9.76,8.99,10.98,8.97,10.99,422.55,515.77,57.36,74.33,14.21,10.78,-5.96,7.91,66.49,28.43,-7.54,7.14,10.97,78.87,-16.24,7.75,4.95,5001.37,8231.34,2671,2390.54,2112.76,69.5,3.81,227.87,66.85,30.5,89.75,10.25,4932.65,33.98,33.5,775.01,745.47,76.27,213.04,434.77,985.69,49,11.42,9.99,98.52,1.43,60.53,3.51,3.91,28.22,91,50.05,219.77,102.53,296.93,61.14,178.47,6.27,20.93,0,0.31,0.35,0.35,16.46,2.72,28.2,12.94,0.46,0.47,11.3,32.29,37.85,29.26,82.58,6.47,56.39,0.98,1.89,0.4,0,0.01,108287.54,18.58,119.89,608.03,62.06,69585.3,39249.61,-10404.67,9857.3,608.03,62.06,4.51,13.76,1513304.7,43860.96,UQ,0
(주)알테오젠,196170,211784661,129185746,409011974,76871953,60690356,-24078411,102854621,134920913,59.71,2.37,76.06,47,-10.44,84.72,6.56,62.29,24.7,59.01,9.99,7.64,18.25,12.04,29.52,8.49,20.28,95.57,234.18,37.71,75.3,10.9,6.97,-6.95,16.1,69.36,22.07,-8.62,3.44,2.58,8.36,-5.88,0.66,0.73,931.32,1935.98,1172,998.43,478.17,51.78,0.45,107.38,51.55,48.22,67.01,32.99,1026.25,71.96,70.48,163.94,163.2,14.7,1800.02,171.53,6440.92,1049.4,49.22,47.13,94.99,2.09,20.19,24.83,37.05,37.64,60.83,9.33,172.99,150.33,334.39,16.78,22.29,5.54,22.01,0,0.31,0.34,0.49,3.87,0.85,18.61,19.61,0.58,0.58,101.57,3.59,160.58,390.84,944.23,6.52,55.95,0.67,5.41,0.35,0.01,0.03,51409.62,12.57,285.39,38933.7,49.98,36611.94,18293.29,-7144.36,2850.39,38933.7,49.98,99.14,260.3,16500819.35,33218,UQ,0
(주)에스티큐브,52020,98069152,3544728,111904280,-124406800,-21436613,0,11297658,17628386,143.5,363.47,129.49,145.61,262.58,167.01,93.88,10.59,-200.18,-189.74,-27.51,-28.65,-27.16,-34.9,-33.09,-29.29,-27.76,-78.96,-74.84,89.41,300.18,10.44,8.16,-6.19,-28.04,266.33,13.15,-2.04,3.53,15.12,69.38,-4.94,2.03,3.46,177.85,242.49,-439,-512.91,-485.41,87.64,1.47,708.84,86.35,12.36,84.25,15.75,277.35,14.68,12.77,2766.62,2726,978.02,160.11,383.27,163.97,41.77,18.7,3.76,14.5,14.94,84.47,9.04,10.73,-110.12,54.02,1.78,610.74,87.91,977.12,-137.94,-240.34,-21.73,-215.24,0,0.14,0.15,0.17,0.39,0.8,19.38,18.84,0.16,0.17,12.3,29.67,12.63,0,0,6.71,54.43,1.14,1.73,0.15,0,0.02,-16511.15,-14.75,-153.85,-1930.91,-146.15,-21436.61,4514.73,-699.03,1211.48,-1930.91,-146.15,4.86,52.37,549681.1,-16541.78,UQ,0
(주)에이럭스,475580,46570224,4369636,62805404,4469244,2821958,292401,55042189,5945532,69.29,32.87,75.45,67.24,11.96,98.39,0.36,40.25,5.46,5.13,6.56,6.01,5.65,7.02,6.6,6.27,5.89,119.36,112.12,59.75,94.54,0.2,0.34,0.01,5.67,94.35,52.39,0.02,5.68,44.51,30.35,0.11,8.89,9.89,2003.79,4722.6,236,114.08,257.75,74.15,12.2,286.85,65.1,25.85,90.53,9.47,2103.79,28.55,27.78,1065.77,935.75,748.59,92.05,3095.6,130.81,2.97,10.46,7.68,55.98,2.77,67.19,5.01,5.53,10.74,86.23,20.04,67.6,23.15,109.07,37.32,70.52,3.53,4.03,364.35,1.1,1.15,1.29,21.87,7.67,278.73,1.31,1.48,1.73,10.23,35.66,13.52,54.45,186.67,11.08,32.94,4.32,13.96,1.27,0,0.01,33808.32,53.83,756.61,1004.52,61.42,3114.36,27460.58,8.25,2976.1,1004.52,61.42,3.31,5.35,134108.9,2266.24,UQ,0
(주)엔피엑스,222160,20829777,2689453,26625315,-7006507,-7334661,988818,3689064,3058986,2.57,-2.66,-17.86,10.2,-3.91,-1.17,-70.38,-75.86,-181.49,-198.82,-24.66,-25.47,-27.9,-28.24,-30.94,-26.23,-28.74,-148.47,-162.65,175.86,281.49,9.47,9.08,-5.52,-28.67,253.07,33.02,-1.94,1.72,5.87,93.85,-7.87,8.34,6.88,376.35,448.5,-866,-488.13,-813.99,78.23,41.76,359.41,45.56,21.77,88.51,11.49,476.35,24.59,24.21,774.5,451.06,303.79,33.41,822.99,111.32,4.06,12.98,11.41,42.93,1.57,68.13,0.33,0.38,-904.78,69.93,3.76,538.51,174.18,713.05,-86.75,-2991.73,-9.97,-71.93,0,0.14,0.14,0.16,0.82,1.43,8.18,44.61,0.19,0.34,0.42,878.17,2.29,2.49,0.64,1.1,330.99,0.57,0.75,0.17,0,0,-3085.18,-11.59,-63.21,0,-83.63,-6345.84,3464.14,-203.48,180.9,0,-83.63,3.42,21.45,71471.96,-6513.23,UQ,0
(주)엠로,58970,36870473,9198239,102419751,11240061,18598488,983164,79455970,13426743,11.81,13.52,2.21,34.21,0,212.59,25.77,40.94,10.83,23.41,9.34,8.87,19.17,14.61,31.88,15.72,33.98,147.32,318.54,59.06,89.17,13.81,14.12,0.7,19.75,78.74,41.31,0.77,4,15.36,20.06,1.47,44.08,10.58,1355.28,7086.61,1612,1265.22,767.61,36,0,56.25,36,64,86.89,13.11,1455.28,73.66,70.32,400.84,400.84,235.49,0,597.78,0,0,15.09,10.34,29.52,4.75,27.02,2.24,2.58,8.49,80.96,13.64,40.49,81.61,76.48,77.64,453.39,10.18,13.12,15.36,0.82,1.45,1.35,13.6,2.09,36.56,9.98,2.47,2.47,0,0,0,0,0,11.44,31.9,1.23,5.88,1.19,0,0.05,53016.76,51.76,499.65,4820,66.72,19581.65,29970.63,560.15,2904.32,4820,66.72,11.99,12.58,765677.37,11482.64,UQ,0
(주)오스코텍,39200,141218954,34779293,170778210,-142863107,-1589924,471925,34007603,38418568,28.81,-2.8,-1.96,37.87,4.04,29.15,586.89,93.45,-8.04,-4.68,0.84,-1.8,-1.05,-2.41,0.77,-1.95,-1.13,-14.31,4.59,6.55,108.04,4.75,-0.49,-8.6,-2.98,102.8,27.43,-7.12,4.72,13.2,58.43,-7.66,7.86,10.76,568.04,890.6,23,-681.78,-71.59,82.69,1.25,477.75,81.66,17.31,77.5,22.5,668.04,22.33,21.73,406.04,400.96,37.68,1964.82,170221.42,3767.48,1.15,29.03,26.28,99.47,2.75,62.33,8.09,10.44,-2.52,66.31,5.92,358.23,87.79,468.87,-62.58,-174.01,-14.08,-70.69,0,0.22,0.24,0.3,1.78,0.89,74.25,4.92,0.28,0.28,19.6,18.62,34.18,45.95,0,1.86,196.14,1.14,1.93,0.22,0,0,9042.02,5.29,51.97,262.73,26.59,-1118,11264.12,-2923.09,1938.72,262.73,26.59,13.3,93,935694.6,3142.45,UQ,0
(주)온코크로스,382150,21100552,1848442,22547979,-49195195,-6483144,0,1072200,2091053,28.22,78.89,76.01,25.87,0,24.08,1071.49,67.34,-649.58,-604.66,-33.09,-34.71,-32.31,-37.7,-35.1,-35.29,-32.85,-125.21,-116.55,32.66,749.58,44.92,42.25,-28.52,-33.83,511.32,44.49,-3.79,5.05,33.23,0,-19.17,3.42,5.65,245.03,103.17,-619,-531.54,-670.19,93.58,0,1457.8,93.58,6.42,90.73,9.27,345.03,7.08,6.99,1141.53,1141.53,829.98,0,0,0,0,10.22,9.04,55.8,1.19,85.38,2.43,2.68,-370.65,64.43,2.45,1765.71,105.85,2060.23,-249.4,-950.02,-23.13,-486.39,0,0.05,0.05,0.06,0.19,0.67,0,0,0.06,0.06,0,0,0,0,0,9.75,37.45,0.94,1.36,0.05,0.1,0.03,-2797.04,-12.4,-293.99,-1516.66,-260.87,-6483.14,3585.27,-305.83,406.66,-1516.66,-260.87,7.48,140.06,61090.97,-6513.23,UQ,0
(주)이오테크닉스,39030,445645617,48106248,653015311,523774882,42670270,17724367,320945496,49983890,6.76,25.01,13.73,3.8,-16.67,7.45,1.44,27.74,9.72,13.3,6.25,4.93,6.75,5.35,7.43,5.5,7.52,506.53,695.54,72.26,90.28,10.34,9.98,-2.5,5.48,82.2,15.92,-2.69,2.08,9.76,100.27,-16.18,3.04,3.04,9848.9,26051.72,3540,4493.76,2532.65,68.24,25.24,214.9,51.02,31.76,92.35,7.65,9696.21,34.39,34.28,926.38,692.59,461.96,87.97,659.54,309.78,13.34,8.29,7.98,100,0.31,60.88,1.39,1.5,113.35,93.79,99.43,136.31,60.71,183.3,86.97,480.13,6.66,13.55,0,0.51,0.57,0.55,52.1,6.47,20.94,17.43,0.73,1.02,2.59,140.7,9.96,7.94,6.43,3.55,102.78,1.65,2.66,0.66,0,0,109744.84,16.81,82.89,1260.92,34.19,64384.18,47453.63,-8023.74,6199.46,1260.92,34.19,6.21,11.85,1529075.01,39350.33,UQ,0
(주)인크레더블버즈,64090,77518723,2735527,99822167,-94876480,19027886,950934,4560824,2992954,65.71,146.57,3154.8,30.17,560.38,166.8,-33.91,36.11,-77.51,417.2,-2.55,-4.42,23.78,-5.31,28.59,-5.12,27.54,-17.61,94.8,63.89,177.51,515.56,476.8,-6.4,23.41,39.75,16.9,-2.21,1.62,30.3,16.6,-2.17,74.06,12.45,289.35,105.35,462,37.57,-81.66,77.66,3.53,347.56,74.92,22.34,97,3,389.32,23.03,22.97,2833.78,2733.79,1247.23,38.3,3478.19,38.3,1.1,3.09,2.83,84.45,0.27,74.92,1.63,1.68,-2.94,72.09,2.89,1502.7,252.02,1717.41,-148.34,-273.57,-4.45,-97.34,0,0.06,0.07,0.07,0.23,0.34,184.41,1.98,0.07,0.07,2.9,126.02,3.03,0,0,0.91,399.56,0.4,8.09,0.06,0,0,22127.66,22.17,2757.93,6100.8,485.17,19978.82,2227.55,-291.89,213.18,6100.8,485.17,3.41,72.25,123381.49,-2504.21,UQ,0
(주)인트로메딕,150840,7963257,3423121,10487949,-73464575,-6968880,-1354,10383300,4769983,-40.57,-73.32,-75.38,7.74,30.87,-25.37,2.22,65.76,-14.1,-67.12,-9.95,-10.41,-49.54,-21.8,-101.85,-13.47,-64.13,-35.53,-168.61,34.24,114.1,-40.46,-6.15,5.03,-45.82,145.59,25.29,2.89,3.12,37.71,184.07,7.11,24.1,11.65,35.63,248.12,-167,-20.77,-34.99,75.93,52.12,315.41,36.35,24.07,54.52,45.48,135.63,44.15,35.74,232.63,111.37,41.3,34.51,0,231.66,0,83.42,59.87,75.61,23.55,43.29,23.24,42.63,-2.49,13.52,0.33,73.94,61.54,93.22,-43.94,-85.98,-19.98,-20.19,-2.8,0.74,0.96,1.55,2.52,1.41,117.09,3.12,1.35,2.59,2.84,128.7,15.91,6.06,8.01,6.34,57.6,1.62,5.93,0.79,0,0.01,-3.91,-0.04,-0.53,-1.16,-0.04,-5665.43,4575.06,522.75,564.22,-1.16,-0.04,0,0,251554.12,-905.18,UQ,0
한올바이오파마(주),9420,85353314,34720483,212880605,26494981,-1804843,1621647,138943699,44529202,-11.21,-5.85,1.08,-24.85,16.42,-9.59,2.99,52.76,0.17,-1.3,0.32,0.1,-0.8,0.13,-1.02,0.14,-1.09,0.88,-6.91,47.24,99.83,-0.3,0.25,-0.3,-0.98,99.91,24.45,-0.3,2.23,5.11,33.44,-0.86,4.9,5.18,592.71,2659.69,-36,179.17,4.41,40.09,44.17,66.93,22.38,59.91,79.08,20.92,644.52,75.75,71.58,245.83,137.24,47.19,40.67,143.59,51.15,28.33,26.45,20.62,51.67,5.83,23.78,0.68,0.86,3.25,72.73,5.93,71.59,91.29,114.24,43.79,1346.96,9.16,14.04,0,0.61,0.84,0.78,5.32,2.83,12.66,28.83,1.4,2.16,3.96,92.06,5.3,25.97,101.16,8.97,40.67,1.1,7.92,1.02,0,0.01,38159.79,17.93,227.34,966.44,27.46,-183.2,34267.87,-419.35,3120.52,966.44,27.46,23.19,19.55,2004213.42,3093.08,UQ,0
(주)중앙에너비스,440,10755897,2345501,58475729,32987879,-943603,-217037,49810931,3915805,-4.97,-2.81,0.58,-23.66,9.38,-4.33,-10.21,17.96,-3.51,-1.89,-2.2,-2.91,-1.57,-3.13,-1.69,-3.64,-1.97,-56.08,-30.31,82.04,103.51,1.18,0.78,-0.75,-2.19,102.3,11.55,-0.72,2.8,11.69,105.99,-8.84,4.66,4.33,1949.75,7999.02,-213,-83.65,-280.42,18.39,17.69,22.54,15.14,81.61,93.3,6.7,1752.33,87.46,85.02,458.58,377.44,0.89,57.5,1001.78,57.5,5.74,7.18,4.3,97.44,2.88,14.38,2.06,2.21,-31.15,103.82,19.5,24.94,95.52,92.13,19.08,62.03,1.28,1.5,0,0.83,1.04,0.89,16,11.83,363.5,1,4.01,4.7,27.35,13.35,27.35,0,0,44.79,8.15,1.05,1.55,3.41,0,0.05,5883.53,10.06,18.53,2000.47,11.81,-1160.64,5970.84,-372.08,1445.42,2000.47,11.81,3.79,3.89,100574.94,-305.7,UQ,0
(주)중앙첨단소재,51980,68000969,9419540,124513876,-192435020,-76828193,-118190,18691841,27845314,-4.6,39.95,9.94,-14.05,7.96,52.27,-28.92,27.38,-41.72,-411.03,-4.89,-6.12,-60.25,-9.74,-95.94,-9.44,-93.05,-17.31,-170.52,72.62,141.72,-369.32,-361.54,9.95,-58.79,339.82,8.92,1.98,0.56,18.24,110.41,3.92,16.52,12.76,92.84,196.51,-848,77.49,-81.99,54.61,6.36,120.33,51.14,45.39,77.64,22.36,191,58.46,49.1,721.91,675.97,343.94,252.23,1732.32,724.01,14.56,28.8,9.74,19.36,19.06,47.05,16.62,21.41,-2.28,37.73,0.93,393.53,288.67,419.59,-24.8,-33.37,-5.55,-36.95,-4.19,0.15,0.23,0.23,0.41,0.39,21.73,16.8,0.25,0.27,4.48,81.39,12.55,9.71,24.77,1.25,290.95,0.35,2.22,0.18,0,0,-65880.3,-52.91,-672.2,0,-352.45,-76830.91,8372.95,1859.14,524.47,0,-352.45,15.64,82.06,826554.52,-6453.55,UQ,0
(주)지노믹트리,228760,97662359,4750851,130675427,20602153,-10390393,1091,2362308,6355818,-1.63,5.62,-11.9,2.4,-32.62,-0.68,-30.89,-30.76,-648.24,-439.84,-9.07,-11.62,-7.89,-12.28,-8.24,-13.24,-8.98,-126.62,-84.69,130.76,748.24,208.44,204.73,-129.8,-10.21,231.77,56.56,-16.78,6.56,9.91,33.71,-43.28,14.17,15.06,957.06,96.97,-429,-559.61,-628.57,74.74,0.34,295.83,74.48,25.26,95.14,4.86,1017.02,26.55,26.22,2055.68,2048.64,554.64,99.38,497.07,0,19.99,5.11,3.82,97.12,1.29,71.1,1.59,1.67,-51.97,89.55,9.61,4085.7,1491.89,4962.45,-192.85,-589.45,-9.38,-518.86,0,0.02,0.02,0.02,0.2,0.33,35.34,10.33,0.02,0.02,5.68,64.21,0,9.15,0,6.55,55.68,0.07,0.13,0.02,0,0.01,-1984.36,-1.52,-11.08,-38.08,-84,-10389.3,10334.92,-3066.28,1197.87,-38.08,-84,5.55,214.44,474367.73,-10059,UQ,0
(주)아티스트스튜디오,200350,50438929,2951622,59269511,-38807202,-14954557,2101736,27306792,5117658,16.54,-34.18,-20.57,26.92,-100,35.04,-34.77,-7.87,-26.81,-54.76,-11.45,-13.3,-27.16,-15.54,-31.73,-14.88,-30.38,-171.65,-350.6,107.87,126.81,-20.26,-0.08,-3.28,-28.79,144.95,4.84,-2.16,0.97,22.86,65.59,-11.29,3.5,1.95,983.48,2919.35,-1624,1.48,-782.73,85.1,0,571.18,85.1,14.9,91.37,8.63,1083.48,16.31,15.68,1708.85,1708.85,1641.92,0,0,0,0,9.45,5.45,52.08,4,80.12,5.91,6.47,-59.73,82.93,9.83,165.12,36.53,197.2,-29.52,-43.15,-2.55,-5.53,0,0.5,0.55,0.58,6.4,3.44,0,0,0.61,0.63,17.68,20.64,0,0,0,31.64,11.54,2.74,37.12,0.54,0.02,0.03,-11313.91,-19.09,-1937.38,0,-41.43,-12852.82,2006.44,-896.43,400.33,0,-41.43,4.88,9.64,102479.2,-6921.1,UQ,0
휴젤(주),145020,522925415,61079734,939439326,1070537841,143134583,22044964,373046886,98627325,1.1,12.05,15.23,-7.9,24.4,7.56,16.69,76.98,44.56,38.37,19.37,17.79,15.32,20.52,17.51,20.28,17.47,2581.09,2108.82,23.02,55.44,-0.28,5.49,-3.63,13.87,58.49,29.97,-5.8,6.44,8.36,29.55,-10.92,3.13,1.84,17095.37,29597.42,12520,11825.65,13188.57,55.66,8.16,125.55,51.12,44.34,89.5,10.5,12201.09,49.54,47.42,856.14,786.32,213.06,113.43,1112.91,217.06,10.19,11.73,7.26,7.35,4.47,49.16,4,4.47,141.05,123.82,176.57,146.19,104.28,216.25,135.23,354.67,14.2,35.75,0,0.4,0.46,0.46,57.92,3.01,102.29,3.57,0.68,0.74,9.7,37.63,15.99,35.65,79.88,8.06,45.26,0.96,2.61,0.62,0,0.01,237166.32,25.25,274.8,1222.86,63.58,165179.55,69985.94,-13550.53,15035.78,1222.86,63.58,7.57,15.27,3476653.34,104942.82,UQ,0
